,fecha,indicativo,nombre,provincia,altitud,tmed,prec,tmin,tmax,sol,puerto
0,2016-11-30,8416,VALÈNCIA,VALENCIA,11,"13,6","0,3","11,4","15,9","0,5",02
1,2016-12-01,8416,VALÈNCIA,VALENCIA,11,"14,4","0,0","12,4","16,3","0,7",02
2,2016-12-02,8416,VALÈNCIA,VALENCIA,11,"13,4","0,0","9,2","17,7","7,9",02
3,2016-12-03,8416,VALÈNCIA,VALENCIA,11,"13,2","6,6","8,4","18,0","0,8",02
4,2016-12-04,8416,VALÈNCIA,VALENCIA,11,"15,2","8,6","13,5","16,8","0,0",02
5,2016-12-05,8416,VALÈNCIA,VALENCIA,11,"16,1","14,5","15,5","16,7","0,0",02
6,2016-12-06,8416,VALÈNCIA,VALENCIA,11,"15,6","0,0","12,5","18,7","4,0",02
7,2016-12-07,8416,VALÈNCIA,VALENCIA,11,"13,2","0,6","8,8","17,7","3,4",02
8,2016-12-08,8416,VALÈNCIA,VALENCIA,11,"13,4","0,0","9,5","17,4","0,6",02
9,2016-12-09,8416,VALÈNCIA,VALENCIA,11,"15,4","0,0","11,8","19,1","2,3",02
10,2016-12-10,8416,VALÈNCIA,VALENCIA,11,"15,5","0,0","11,6","19,4","5,7",02
11,2016-12-11,8416,VALÈNCIA,VALENCIA,11,"13,8","0,0","8,8","18,8","8,2",02
12,2016-12-12,8416,VALÈNCIA,VALENCIA,11,"13,6","0,0","8,8","18,4","8,6",02
13,2016-12-13,8416,VALÈNCIA,VALENCIA,11,"12,2","0,0","7,3","17,2","8,4",02
14,2016-12-14,8416,VALÈNCIA,VALENCIA,11,"12,2","0,0","7,9","16,5","7,7",02
15,2016-12-15,8416,VALÈNCIA,VALENCIA,11,"12,2","0,3","8,5","15,8","0,8",02
16,2016-12-16,8416,VALÈNCIA,VALENCIA,11,"12,2","46,2","9,2","15,2","0,0",02
17,2016-12-17,8416,VALÈNCIA,VALENCIA,11,"14,0","13,1","12,0","16,0","0,0",02
18,2016-12-18,8416,VALÈNCIA,VALENCIA,11,"12,0","74,0","10,5","13,6","0,0",02
19,2016-12-19,8416,VALÈNCIA,VALENCIA,11,"10,6","4,1","10,2","10,9","0,0",02
20,2016-12-20,8416,VALÈNCIA,VALENCIA,11,"13,7","0,2","9,9","17,5","6,8",02
21,2016-12-21,8416,VALÈNCIA,VALENCIA,11,"11,4","0,0","6,0","16,7","4,5",02
22,2016-12-22,8416,VALÈNCIA,VALENCIA,11,"14,0","0,1","8,2","19,8","7,2",02
23,2016-12-23,8416,VALÈNCIA,VALENCIA,11,"14,2","0,0","9,0","19,4","8,4",02
24,2016-12-24,8416,VALÈNCIA,VALENCIA,11,"14,0","0,0","8,8","19,2","8,4",02
25,2016-12-25,8416,VALÈNCIA,VALENCIA,11,"13,7","0,0","8,1","19,3","8,3",02
26,2016-12-26,8416,VALÈNCIA,VALENCIA,11,"12,1","0,0","6,7","17,5","7,5",02
27,2016-12-27,8416,VALÈNCIA,VALENCIA,11,"12,2","0,0","7,1","17,2","6,5",02
28,2016-12-28,8416,VALÈNCIA,VALENCIA,11,"11,6","0,0","6,3","17,0","7,1",02
29,2016-12-29,8416,VALÈNCIA,VALENCIA,11,"12,4","0,0","7,1","17,8","8,5",02
30,2016-12-30,8416,VALÈNCIA,VALENCIA,11,"10,2","0,0","4,4","16,1","6,7",02
31,2016-12-31,8416,VALÈNCIA,VALENCIA,11,"11,6","0,0","7,5","15,8","4,1",02
32,2017-01-01,8416,VALÈNCIA,VALENCIA,11,"11,0","0,0","5,8","16,1","8,4",02
33,2017-01-02,8416,VALÈNCIA,VALENCIA,11,"9,0","0,0","3,8","14,2","7,5",02
34,2017-01-03,8416,VALÈNCIA,VALENCIA,11,"10,0","0,0","4,1","16,0","5,5",02
35,2017-01-04,8416,VALÈNCIA,VALENCIA,11,"13,0","0,0","5,8","20,1","8,6",02
36,2017-01-05,8416,VALÈNCIA,VALENCIA,11,"12,2","0,0","6,8","17,5","8,7",02
37,2017-01-06,8416,VALÈNCIA,VALENCIA,11,"10,8","0,0","5,5","16,1","8,6",02
38,2017-01-07,8416,VALÈNCIA,VALENCIA,11,"10,2","0,0","5,4","15,1","8,6",02
39,2017-01-08,8416,VALÈNCIA,VALENCIA,11,"10,4","0,0","4,1","16,7","8,7",02
40,2017-01-09,8416,VALÈNCIA,VALENCIA,11,"10,0","0,0","4,2","15,9","7,4",02
41,2017-01-10,8416,VALÈNCIA,VALENCIA,11,"10,0","0,0","4,5","15,6","0,3",02
42,2017-01-11,8416,VALÈNCIA,VALENCIA,11,"12,2","0,0","8,3","16,1","8,6",02
43,2017-01-12,8416,VALÈNCIA,VALENCIA,11,"14,0","0,0","6,0","22,0","8,2",02
44,2017-01-13,8416,VALÈNCIA,VALENCIA,11,"14,4","0,0","11,0","17,9","7,8",02
45,2017-01-14,8416,VALÈNCIA,VALENCIA,11,"11,2","0,0","7,5","14,8","8,1",02
46,2017-01-15,8416,VALÈNCIA,VALENCIA,11,"11,4","0,0","6,3","16,5","5,8",02
47,2017-01-16,8416,VALÈNCIA,VALENCIA,11,"13,2","0,0","8,0","18,4","8,0",02
48,2017-01-17,8416,VALÈNCIA,VALENCIA,11,"8,0",Ip,"4,0","12,0","3,8",02
49,2017-01-18,8416,VALÈNCIA,VALENCIA,11,"5,8","0,3","0,9","10,8","6,8",02
50,2017-01-19,8416,VALÈNCIA,VALENCIA,11,"7,5","76,6","4,4","10,6","0,0",02
51,2017-01-20,8416,VALÈNCIA,VALENCIA,11,"7,1","66,5","4,8","9,4","0,0",02
52,2017-01-21,8416,VALÈNCIA,VALENCIA,11,"9,4","1,3","6,5","12,4","0,0",02
53,2017-01-22,8416,VALÈNCIA,VALENCIA,11,"12,8","0,4","9,6","16,1","0,0",02
54,2017-01-23,8416,VALÈNCIA,VALENCIA,11,"12,2","0,2","8,2","16,2","3,1",02
55,2017-01-24,8416,VALÈNCIA,VALENCIA,11,"11,2","0,0","6,8","15,6","3,8",02
56,2017-01-25,8416,VALÈNCIA,VALENCIA,11,"11,4","0,0","4,5","18,2","8,7",02
57,2017-01-26,8416,VALÈNCIA,VALENCIA,11,"9,2","1,3","4,0","14,4","5,1",02
58,2017-01-27,8416,VALÈNCIA,VALENCIA,11,"11,8","6,6","8,5","15,0","5,8",02
59,2017-01-28,8416,VALÈNCIA,VALENCIA,11,"12,2","0,1","7,0","17,5",,02
60,2017-01-29,8416,VALÈNCIA,VALENCIA,11,"11,8","0,0","6,2","17,5","4,8",02
61,2017-01-30,8416,VALÈNCIA,VALENCIA,11,"15,2","0,0","12,0","18,5","3,0",02
62,2017-01-31,8416,VALÈNCIA,VALENCIA,11,"11,2","0,0","6,8","15,7","7,3",02
63,2017-02-01,8416,VALÈNCIA,VALENCIA,11,"14,2","0,0","8,0","20,5","5,8",02
64,2017-02-02,8416,VALÈNCIA,VALENCIA,11,"13,9","1,8","11,0","16,8","0,0",02
65,2017-02-03,8416,VALÈNCIA,VALENCIA,11,"16,4","0,0","12,2","20,6","4,7",02
66,2017-02-04,8416,VALÈNCIA,VALENCIA,11,"18,1","0,0","15,4","20,8","0,0",02
67,2017-02-05,8416,VALÈNCIA,VALENCIA,11,"16,3","1,2","14,9","17,7","7,6",02
68,2017-02-06,8416,VALÈNCIA,VALENCIA,11,"15,0","0,0","9,5","20,6","3,2",02
69,2017-02-07,8416,VALÈNCIA,VALENCIA,11,"17,4","0,0","12,8","22,0","6,0",02
70,2017-02-08,8416,VALÈNCIA,VALENCIA,11,"14,8","0,0","9,3","20,2","0,0",02
71,2017-02-09,8416,VALÈNCIA,VALENCIA,11,"14,0","0,0","8,4","19,5","8,5",02
72,2017-02-10,8416,VALÈNCIA,VALENCIA,11,"10,8","0,1","4,9","16,6","5,2",02
73,2017-02-11,8416,VALÈNCIA,VALENCIA,11,"11,2",Ip,"9,3","13,1","0,0",02
74,2017-02-12,8416,VALÈNCIA,VALENCIA,11,"15,6","0,0","12,1","19,0","1,2",02
75,2017-02-13,8416,VALÈNCIA,VALENCIA,11,"16,8","3,2","13,0","20,5","8,3",02
76,2017-02-14,8416,VALÈNCIA,VALENCIA,11,"13,9","0,0","8,0","19,8","7,9",02
77,2017-02-15,8416,VALÈNCIA,VALENCIA,11,"12,2","0,0","6,5","18,0","4,8",02
78,2017-02-16,8416,VALÈNCIA,VALENCIA,11,"12,6","0,0","8,3","17,0","5,1",02
79,2017-02-17,8416,VALÈNCIA,VALENCIA,11,"12,6","0,0","7,2","18,0","7,6",02
80,2017-02-18,8416,VALÈNCIA,VALENCIA,11,"12,0","0,0","6,9","17,1","8,9",02
81,2017-02-19,8416,VALÈNCIA,VALENCIA,11,"13,4","0,0","10,8","16,0","3,3",02
82,2017-02-20,8416,VALÈNCIA,VALENCIA,11,"12,0","0,0","6,5","17,6","9,8",02
83,2017-02-21,8416,VALÈNCIA,VALENCIA,11,"12,4","0,0","5,8","19,0","9,2",02
84,2017-02-22,8416,VALÈNCIA,VALENCIA,11,"13,0",Ip,"7,6","18,3","4,8",02
85,2017-02-23,8416,VALÈNCIA,VALENCIA,11,"14,3","3,4","10,5","18,1","1,7",02
86,2017-02-24,8416,VALÈNCIA,VALENCIA,11,"13,3","2,8","11,2","15,4","0,3",02
87,2017-02-25,8416,VALÈNCIA,VALENCIA,11,"12,1","0,0","7,0","17,2","9,5",02
88,2017-02-26,8416,VALÈNCIA,VALENCIA,11,"14,1","0,0","8,4","19,8","9,3",02
89,2017-02-27,8416,VALÈNCIA,VALENCIA,11,"15,2","0,0","8,6","21,8","9,6",02
90,2017-02-28,8416,VALÈNCIA,VALENCIA,11,"15,4","0,0","12,6","18,1","0,7",02
91,2017-03-01,8416,VALÈNCIA,VALENCIA,11,"15,8","0,0","10,3","21,4","4,8",02
92,2017-03-02,8416,VALÈNCIA,VALENCIA,11,"14,8","0,0","8,1","21,4","9,6",02
93,2017-03-03,8416,VALÈNCIA,VALENCIA,11,"11,8","2,7","7,7","15,8","1,1",02
94,2017-03-04,8416,VALÈNCIA,VALENCIA,11,"10,5","0,0","7,8","13,2","2,9",02
95,2017-03-05,8416,VALÈNCIA,VALENCIA,11,"13,6","0,0","8,0","19,3","6,0",02
96,2017-03-06,8416,VALÈNCIA,VALENCIA,11,"20,1","0,0","14,5","25,7","6,2",02
97,2017-03-07,8416,VALÈNCIA,VALENCIA,11,"19,0","0,0","11,0","27,1","7,4",02
98,2017-03-08,8416,VALÈNCIA,VALENCIA,11,"17,5","0,0","13,3","21,7","8,6",02
99,2017-03-09,8416,VALÈNCIA,VALENCIA,11,"19,6","0,0","11,1","28,0","10,5",02
100,2017-03-10,8416,VALÈNCIA,VALENCIA,11,"19,6","0,0","14,6","24,5","10,5",02
101,2017-03-11,8416,VALÈNCIA,VALENCIA,11,"15,0","0,0","9,6","20,4","7,0",02
102,2017-03-12,8416,VALÈNCIA,VALENCIA,11,"15,9","39,7","10,6","21,2","7,8",02
103,2017-03-13,8416,VALÈNCIA,VALENCIA,11,"12,0","8,4","7,7","16,3","0,0",02
104,2017-03-14,8416,VALÈNCIA,VALENCIA,11,"15,4","0,0","11,8","19,0","7,2",02
105,2017-03-15,8416,VALÈNCIA,VALENCIA,11,"13,8","0,0","8,4","19,2","10,1",02
106,2017-03-16,8416,VALÈNCIA,VALENCIA,11,"13,4","0,0","8,2","18,6","9,7",02
107,2017-03-17,8416,VALÈNCIA,VALENCIA,11,"14,3","0,0","6,4","22,2","10,2",02
108,2017-03-18,8416,VALÈNCIA,VALENCIA,11,"14,0","0,0","6,7","21,2","10,7",02
109,2017-03-19,8416,VALÈNCIA,VALENCIA,11,"14,2","0,0","8,4","19,9","10,4",02
110,2017-03-20,8416,VALÈNCIA,VALENCIA,11,"14,9","0,0","10,3","19,5","9,8",02
111,2017-03-21,8416,VALÈNCIA,VALENCIA,11,"13,6","0,0","8,9","18,2","4,5",02
112,2017-03-22,8416,VALÈNCIA,VALENCIA,11,"15,4","0,0","9,9","21,0","9,5",02
113,2017-03-23,8416,VALÈNCIA,VALENCIA,11,"13,2","0,0","8,5","17,8","9,8",02
114,2017-03-24,8416,VALÈNCIA,VALENCIA,11,"11,0","0,0","7,4","14,6","1,2",02
115,2017-03-25,8416,VALÈNCIA,VALENCIA,11,"13,6","0,0","7,8","19,4","7,1",02
116,2017-03-26,8416,VALÈNCIA,VALENCIA,11,"12,4","1,2","7,2","17,6","9,1",02
117,2017-03-27,8416,VALÈNCIA,VALENCIA,11,"16,2","0,0","10,7","21,6","9,3",02
118,2017-03-28,8416,VALÈNCIA,VALENCIA,11,"15,2","0,0","9,3","21,2","10,8",02
119,2017-03-29,8416,VALÈNCIA,VALENCIA,11,"16,3","0,0","9,2","23,4","7,7",02
120,2017-03-30,8416,VALÈNCIA,VALENCIA,11,"15,4","0,0","10,5","20,2","11,2",02
121,2017-03-31,8416,VALÈNCIA,VALENCIA,11,"16,5","0,0","11,2","21,8","0,0",02
122,2017-04-01,8416,VALÈNCIA,VALENCIA,11,"17,2","0,0","10,3","24,1","8,9",02
123,2017-04-02,8416,VALÈNCIA,VALENCIA,11,"16,1","0,0","8,7","23,5","11,2",02
124,2017-04-03,8416,VALÈNCIA,VALENCIA,11,"15,0","0,0","9,5","20,5","11,2",02
125,2017-04-04,8416,VALÈNCIA,VALENCIA,11,"15,0","0,0","9,8","20,2","8,0",02
126,2017-04-05,8416,VALÈNCIA,VALENCIA,11,"14,2","0,0","9,4","19,1","8,9",02
127,2017-04-06,8416,VALÈNCIA,VALENCIA,11,"15,8","0,0","10,0","21,5","11,1",02
128,2017-04-07,8416,VALÈNCIA,VALENCIA,11,"15,1","0,0","9,7","20,5","11,2",02
129,2017-04-08,8416,VALÈNCIA,VALENCIA,11,"15,6","0,0","9,4","21,8","11,2",02
130,2017-04-09,8416,VALÈNCIA,VALENCIA,11,"15,0","0,0","9,3","20,6","11,2",02
131,2017-04-10,8416,VALÈNCIA,VALENCIA,11,"16,0","0,0","10,5","21,5","11,2",02
132,2017-04-11,8416,VALÈNCIA,VALENCIA,11,"18,1","0,0","12,0","24,2","11,3",02
133,2017-04-12,8416,VALÈNCIA,VALENCIA,11,"17,0","0,0","11,5","22,4","11,0",02
134,2017-04-13,8416,VALÈNCIA,VALENCIA,11,"16,4","0,0","11,4","21,4","10,6",02
135,2017-04-14,8416,VALÈNCIA,VALENCIA,11,"20,2","0,0","12,3","28,2","10,5",02
136,2017-04-15,8416,VALÈNCIA,VALENCIA,11,"17,7","0,0","14,0","21,4","10,0",02
137,2017-04-16,8416,VALÈNCIA,VALENCIA,11,"17,2","0,0","13,0","21,4","10,4",02
138,2017-04-17,8416,VALÈNCIA,VALENCIA,11,"17,2","1,9","13,0","21,5","7,9",02
139,2017-04-18,8416,VALÈNCIA,VALENCIA,11,"17,6",Ip,"14,0","21,2","5,1",02
140,2017-04-19,8416,VALÈNCIA,VALENCIA,11,"16,0","0,0","15,2","16,9","0,0",02
141,2017-04-20,8416,VALÈNCIA,VALENCIA,11,"13,6","0,0","10,0","17,3","0,7",02
142,2017-04-21,8416,VALÈNCIA,VALENCIA,11,"12,8","0,0","7,5","18,0","11,5",02
143,2017-04-22,8416,VALÈNCIA,VALENCIA,11,"13,0","0,0","8,0","18,0","8,0",02
144,2017-04-23,8416,VALÈNCIA,VALENCIA,11,"14,3","0,0","9,0","19,6","11,3",02
145,2017-04-24,8416,VALÈNCIA,VALENCIA,11,"14,7","0,0","8,4","21,0","10,9",02
146,2017-04-25,8416,VALÈNCIA,VALENCIA,11,"18,0","2,9","14,0","22,1","6,1",02
147,2017-04-26,8416,VALÈNCIA,VALENCIA,11,"15,3","15,5","10,0","20,6","5,7",02
148,2017-04-27,8416,VALÈNCIA,VALENCIA,11,"11,5","2,7","10,0","13,0","0,0",02
149,2017-04-28,8416,VALÈNCIA,VALENCIA,11,"13,4","0,0","10,5","16,3","1,0",02
150,2017-04-29,8416,VALÈNCIA,VALENCIA,11,"14,3","0,0","11,6","17,0","0,0",02
151,2017-04-30,8416,VALÈNCIA,VALENCIA,11,"18,6","0,0","12,5","24,8","10,0",02
152,2017-05-01,8416,VALÈNCIA,VALENCIA,11,"17,3","0,0","12,2","22,4","11,6",02
153,2017-05-02,8416,VALÈNCIA,VALENCIA,11,"15,7","0,0","10,0","21,4","11,3",02
154,2017-05-03,8416,VALÈNCIA,VALENCIA,11,"16,8","0,0","12,9","20,8","9,8",02
155,2017-05-04,8416,VALÈNCIA,VALENCIA,11,"16,8","0,0","12,7","21,0","9,2",02
156,2017-05-05,8416,VALÈNCIA,VALENCIA,11,"18,1","0,0","15,6","20,6","5,7",02
157,2017-05-06,8416,VALÈNCIA,VALENCIA,11,"21,8","0,0","15,5","28,1","11,7",02
158,2017-05-07,8416,VALÈNCIA,VALENCIA,11,"19,0","0,0","13,3","24,7","11,7",02
159,2017-05-08,8416,VALÈNCIA,VALENCIA,11,"18,4","0,0","13,5","23,4","11,6",02
160,2017-05-09,8416,VALÈNCIA,VALENCIA,11,"18,8","0,0","15,0","22,6","10,9",02
161,2017-05-10,8416,VALÈNCIA,VALENCIA,11,"20,0",Ip,"16,0","24,0","9,1",02
162,2017-05-11,8416,VALÈNCIA,VALENCIA,11,"21,4","0,0","16,5","26,3","8,8",02
163,2017-05-12,8416,VALÈNCIA,VALENCIA,11,"21,9","0,0","16,4","27,4","10,8",02
164,2017-05-13,8416,VALÈNCIA,VALENCIA,11,"23,4","0,0","17,7","29,0","9,7",02
165,2017-05-14,8416,VALÈNCIA,VALENCIA,11,"23,3","0,0","19,0","27,6","11,8",02
166,2017-05-15,8416,VALÈNCIA,VALENCIA,11,"20,1","0,0","15,2","25,0","9,6",02
167,2017-05-16,8416,VALÈNCIA,VALENCIA,11,"21,8","0,0","17,2","26,5","8,4",02
168,2017-05-17,8416,VALÈNCIA,VALENCIA,11,"20,8","0,0","15,1","26,5","10,0",02
169,2017-05-18,8416,VALÈNCIA,VALENCIA,11,"19,4","10,3","15,2","23,6","6,3",02
170,2017-05-19,8416,VALÈNCIA,VALENCIA,11,"18,2","0,0","13,5","23,0","11,7",02
171,2017-05-20,8416,VALÈNCIA,VALENCIA,11,"18,6","0,0","13,9","23,4","11,8",02
172,2017-05-21,8416,VALÈNCIA,VALENCIA,11,"18,2",Ip,"14,3","22,2","3,2",02
173,2017-05-22,8416,VALÈNCIA,VALENCIA,11,"21,1","0,0","16,6","25,6","11,7",02
174,2017-05-23,8416,VALÈNCIA,VALENCIA,11,"20,2","0,0","14,3","26,2","11,3",02
175,2017-05-24,8416,VALÈNCIA,VALENCIA,11,"21,4","0,0","16,0","26,7","11,7",02
176,2017-05-25,8416,VALÈNCIA,VALENCIA,11,"22,3","0,0","16,7","27,9","11,3",02
177,2017-05-26,8416,VALÈNCIA,VALENCIA,11,"21,9","0,0","17,1","26,7","11,2",02
178,2017-05-27,8416,VALÈNCIA,VALENCIA,11,"21,8","0,0","18,8","24,8","9,9",02
179,2017-05-28,8416,VALÈNCIA,VALENCIA,11,"22,2","0,0","18,5","26,0","9,9",02
180,2017-05-29,8416,VALÈNCIA,VALENCIA,11,"21,2","0,0","17,0","25,5","9,5",02
181,2017-05-30,8416,VALÈNCIA,VALENCIA,11,"20,6","1,5","17,4","23,7","1,2",02
182,2017-05-31,8416,VALÈNCIA,VALENCIA,11,"21,6","0,0","16,7","26,4","8,9",02
183,2017-06-01,8416,VALÈNCIA,VALENCIA,11,"22,0","0,0","17,5","26,5","9,5",02
184,2017-06-02,8416,VALÈNCIA,VALENCIA,11,"22,6","0,2","18,8","26,5","9,8",02
185,2017-06-03,8416,VALÈNCIA,VALENCIA,11,"22,6","1,3","19,5","25,8","7,5",02
186,2017-06-04,8416,VALÈNCIA,VALENCIA,11,"21,3","14,3","19,4","23,2","0,5",02
187,2017-06-05,8416,VALÈNCIA,VALENCIA,11,"19,0","0,0","14,0","24,1","11,4",02
188,2017-06-06,8416,VALÈNCIA,VALENCIA,11,"23,1","0,0","16,5","29,7","11,5",02
189,2017-06-07,8416,VALÈNCIA,VALENCIA,11,"22,1","0,0","18,4","25,8","11,3",02
190,2017-06-08,8416,VALÈNCIA,VALENCIA,11,"22,7","0,0","19,3","26,1","10,0",02
191,2017-06-09,8416,VALÈNCIA,VALENCIA,11,"23,0","0,0","19,5","26,5","9,3",02
192,2017-06-10,8416,VALÈNCIA,VALENCIA,11,"22,7","0,0","18,8","26,6","11,4",02
193,2017-06-11,8416,VALÈNCIA,VALENCIA,11,"24,2","0,0","18,7","29,6","11,5",02
194,2017-06-12,8416,VALÈNCIA,VALENCIA,11,"24,0","0,0","18,3","29,6","11,4",02
195,2017-06-13,8416,VALÈNCIA,VALENCIA,11,"24,3","0,0","19,0","29,6","11,4",02
196,2017-06-14,8416,VALÈNCIA,VALENCIA,11,"25,4","0,0","20,1","30,7","11,5",02
197,2017-06-15,8416,VALÈNCIA,VALENCIA,11,"25,2","0,0","20,6","29,8","8,4",02
198,2017-06-16,8416,VALÈNCIA,VALENCIA,11,"26,3","0,0","22,4","30,2","6,4",02
199,2017-06-17,8416,VALÈNCIA,VALENCIA,11,"26,5","0,0","21,6","31,4","9,4",02
200,2017-06-18,8416,VALÈNCIA,VALENCIA,11,"26,0","0,0","22,6","29,4","11,3",02
201,2017-06-19,8416,VALÈNCIA,VALENCIA,11,"26,2","0,0","22,0","30,4","10,7",02
202,2017-06-20,8416,VALÈNCIA,VALENCIA,11,"25,8","0,0","22,0","29,5","10,9",02
203,2017-06-21,8416,VALÈNCIA,VALENCIA,11,"27,0","0,0","22,5","31,5","10,0",02
204,2017-06-22,8416,VALÈNCIA,VALENCIA,11,"26,2","0,0","20,8","31,7","8,8",02
205,2017-06-23,8416,VALÈNCIA,VALENCIA,11,"27,0","0,0","22,4","31,5","11,4",02
206,2017-06-24,8416,VALÈNCIA,VALENCIA,11,"25,9","0,0","21,7","30,1","10,8",02
207,2017-06-25,8416,VALÈNCIA,VALENCIA,11,"26,8","5,0","23,3","30,4","6,8",02
208,2017-06-26,8416,VALÈNCIA,VALENCIA,11,"25,6","0,0","21,2","30,1","10,9",02
209,2017-06-27,8416,VALÈNCIA,VALENCIA,11,"28,0","0,0","21,6","34,5","10,5",02
210,2017-06-28,8416,VALÈNCIA,VALENCIA,11,"28,4","0,0","24,0","32,8","11,6",02
211,2017-06-29,8416,VALÈNCIA,VALENCIA,11,"26,8","0,0","22,0","31,6","11,3",02
212,2017-06-30,8416,VALÈNCIA,VALENCIA,11,"23,0","0,0","19,4","26,5","8,6",02
213,2017-07-01,8416,VALÈNCIA,VALENCIA,11,"22,2","0,1","19,5","24,9","7,7",02
214,2017-07-02,8416,VALÈNCIA,VALENCIA,11,"21,1","0,0","17,4","24,8","11,5",02
215,2017-07-03,8416,VALÈNCIA,VALENCIA,11,"23,2","0,0","18,7","27,7","11,5",02
216,2017-07-04,8416,VALÈNCIA,VALENCIA,11,"23,3","0,0","18,4","28,2","11,4",02
217,2017-07-05,8416,VALÈNCIA,VALENCIA,11,"23,6","0,0","19,7","27,6","11,1",02
218,2017-07-06,8416,VALÈNCIA,VALENCIA,11,"26,0","0,0","22,7","29,2","2,7",02
219,2017-07-07,8416,VALÈNCIA,VALENCIA,11,"25,0","0,5","22,5","27,6","1,2",02
220,2017-07-08,8416,VALÈNCIA,VALENCIA,11,"28,8","0,0","22,5","35,0","10,9",02
221,2017-07-09,8416,VALÈNCIA,VALENCIA,11,"26,4","0,0","22,3","30,5","11,4",02
222,2017-07-10,8416,VALÈNCIA,VALENCIA,11,"25,6","0,0","21,5","29,8","11,4",02
223,2017-07-11,8416,VALÈNCIA,VALENCIA,11,"26,0","0,0","22,6","29,5","11,1",02
224,2017-07-12,8416,VALÈNCIA,VALENCIA,11,"26,3","0,0","22,1","30,5","11,4",02
225,2017-07-13,8416,VALÈNCIA,VALENCIA,11,"26,8","0,0","23,0","30,6","11,4",02
226,2017-07-14,8416,VALÈNCIA,VALENCIA,11,"27,2","0,0","24,2","30,2","8,8",02
227,2017-07-15,8416,VALÈNCIA,VALENCIA,11,"26,9","0,0","23,5","30,3","11,2",02
228,2017-07-16,8416,VALÈNCIA,VALENCIA,11,"27,0","0,0","22,5","31,5","11,6",02
229,2017-07-17,8416,VALÈNCIA,VALENCIA,11,"26,0","0,0","22,5","29,5","9,6",02
230,2017-07-18,8416,VALÈNCIA,VALENCIA,11,"26,4","0,0","23,0","29,7","9,4",02
231,2017-07-19,8416,VALÈNCIA,VALENCIA,11,"26,2","0,0","23,6","28,8","10,8",02
232,2017-07-20,8416,VALÈNCIA,VALENCIA,11,"26,6","0,0","22,6","30,6","9,0",02
233,2017-07-21,8416,VALÈNCIA,VALENCIA,11,"27,2","0,6","24,8","29,5","6,1",02
234,2017-07-22,8416,VALÈNCIA,VALENCIA,11,"26,7","0,7","23,0","30,4","10,0",02
235,2017-07-23,8416,VALÈNCIA,VALENCIA,11,"26,6","0,0","23,4","29,9","8,2",02
236,2017-07-24,8416,VALÈNCIA,VALENCIA,11,"26,6","0,0","23,2","30,1","10,2",02
237,2017-07-25,8416,VALÈNCIA,VALENCIA,11,"25,6","0,0","22,8","28,5","11,0",02
238,2017-07-26,8416,VALÈNCIA,VALENCIA,11,"24,6","0,0","20,9","28,4","11,5",02
239,2017-07-27,8416,VALÈNCIA,VALENCIA,11,"26,8","0,0","21,5","32,0","11,7",02
240,2017-07-28,8416,VALÈNCIA,VALENCIA,11,"27,0","0,0","23,3","30,7","11,4",02
241,2017-07-29,8416,VALÈNCIA,VALENCIA,11,"26,7","0,0","23,1","30,3","10,2",02
242,2017-07-30,8416,VALÈNCIA,VALENCIA,11,"26,6","0,0","22,7","30,4","11,1",02
243,2017-07-31,8416,VALÈNCIA,VALENCIA,11,"27,1","0,0","23,6","30,6","9,5",02
244,2017-08-01,8416,VALÈNCIA,VALENCIA,11,"27,2","0,5","24,0","30,4","3,3",02
245,2017-08-02,8416,VALÈNCIA,VALENCIA,11,"27,9","0,5","24,8","31,0","3,8",02
246,2017-08-03,8416,VALÈNCIA,VALENCIA,11,"29,1","0,0","22,5","35,7","11,5",02
247,2017-08-04,8416,VALÈNCIA,VALENCIA,11,"28,0","0,0","23,5","32,4","11,6",02
248,2017-08-05,8416,VALÈNCIA,VALENCIA,11,"27,5","1,1","23,5","31,5","10,2",02
249,2017-08-06,8416,VALÈNCIA,VALENCIA,11,"28,1","0,0","24,8","31,4","8,5",02
250,2017-08-07,8416,VALÈNCIA,VALENCIA,11,"27,4","0,0","24,2","30,5","8,2",02
251,2017-08-08,8416,VALÈNCIA,VALENCIA,11,"27,8","0,0","24,4","31,1","11,1",02
252,2017-08-09,8416,VALÈNCIA,VALENCIA,11,"26,4","1,5","23,2","29,5","7,5",02
253,2017-08-10,8416,VALÈNCIA,VALENCIA,11,"21,6","0,0","16,3","26,9","9,6",02
254,2017-08-11,8416,VALÈNCIA,VALENCIA,11,"22,2","0,0","18,3","26,1","11,0",02
255,2017-08-12,8416,VALÈNCIA,VALENCIA,11,"23,6","0,0","19,0","28,2","11,5",02
256,2017-08-13,8416,VALÈNCIA,VALENCIA,11,"23,0","0,0","18,3","27,8","11,4",02
257,2017-08-14,8416,VALÈNCIA,VALENCIA,11,"25,2","0,0","21,2","29,3","11,2",02
258,2017-08-15,8416,VALÈNCIA,VALENCIA,11,"25,6","0,0","22,1","29,0","8,5",02
259,2017-08-16,8416,VALÈNCIA,VALENCIA,11,"26,9","0,0","23,2","30,6","8,9",02
260,2017-08-17,8416,VALÈNCIA,VALENCIA,11,"27,5","0,0","25,3","29,7","11,1",02
261,2017-08-18,8416,VALÈNCIA,VALENCIA,11,"26,9","0,0","23,2","30,6","10,8",02
262,2017-08-19,8416,VALÈNCIA,VALENCIA,11,"27,2","0,0","24,8","29,6","9,0",02
263,2017-08-20,8416,VALÈNCIA,VALENCIA,11,"26,4","0,2","23,8","29,1","6,6",02
264,2017-08-21,8416,VALÈNCIA,VALENCIA,11,"26,4","0,0","23,0","29,7","10,9",02
265,2017-08-22,8416,VALÈNCIA,VALENCIA,11,"25,8","0,0","21,7","29,8","11,5",02
266,2017-08-23,8416,VALÈNCIA,VALENCIA,11,"25,1","0,0","21,2","29,0","10,1",02
267,2017-08-24,8416,VALÈNCIA,VALENCIA,11,"26,4","0,0","22,7","30,1","10,6",02
268,2017-08-25,8416,VALÈNCIA,VALENCIA,11,"26,2","0,0","22,4","29,9","8,4",02
269,2017-08-26,8416,VALÈNCIA,VALENCIA,11,"26,2","0,0","23,6","28,9","8,1",02
270,2017-08-27,8416,VALÈNCIA,VALENCIA,11,"26,3","0,0","24,1","28,5","2,0",02
271,2017-08-28,8416,VALÈNCIA,VALENCIA,11,"27,1","5,3","23,6","30,6","4,3",02
272,2017-08-29,8416,VALÈNCIA,VALENCIA,11,"22,0","16,5","21,7","22,3","0,4",02
273,2017-08-30,8416,VALÈNCIA,VALENCIA,11,"24,0","0,1","20,0","28,0","2,9",02
274,2017-08-31,8416,VALÈNCIA,VALENCIA,11,"24,6","0,7","22,0","27,2","6,7",02
275,2017-09-01,8416,VALÈNCIA,VALENCIA,11,"24,0","4,2","20,6","27,4","3,3",02
276,2017-09-02,8416,VALÈNCIA,VALENCIA,11,"23,8","0,0","19,7","27,8","10,1",02
277,2017-09-03,8416,VALÈNCIA,VALENCIA,11,"23,3","0,0","18,2","28,4","9,4",02
278,2017-09-04,8416,VALÈNCIA,VALENCIA,11,"25,1","0,0","20,3","29,9","9,7",02
279,2017-09-05,8416,VALÈNCIA,VALENCIA,11,"25,5","0,0","22,6","28,4","9,8",02
280,2017-09-06,8416,VALÈNCIA,VALENCIA,11,"25,2","0,0","22,2","28,1","6,2",02
281,2017-09-07,8416,VALÈNCIA,VALENCIA,11,"25,3","0,0","21,8","28,8","4,6",02
282,2017-09-08,8416,VALÈNCIA,VALENCIA,11,"24,4","0,0","20,9","28,0","8,9",02
283,2017-09-09,8416,VALÈNCIA,VALENCIA,11,"24,4","0,3","21,5","27,2","0,6",02
284,2017-09-10,8416,VALÈNCIA,VALENCIA,11,"23,3","0,0","17,4","29,2","11,0",02
285,2017-09-11,8416,VALÈNCIA,VALENCIA,11,"27,6","0,0","19,0","36,1","11,0",02
286,2017-09-12,8416,VALÈNCIA,VALENCIA,11,"24,4","0,0","21,2","27,5","8,2",02
287,2017-09-13,8416,VALÈNCIA,VALENCIA,11,"23,2","0,0","18,5","27,9","10,9",02
288,2017-09-14,8416,VALÈNCIA,VALENCIA,11,"28,1","0,0","19,2","37,0","10,4",02
289,2017-09-15,8416,VALÈNCIA,VALENCIA,11,"20,5","1,5","16,0","25,0","0,6",02
290,2017-09-16,8416,VALÈNCIA,VALENCIA,11,"18,6","0,0","15,3","22,0","7,5",02
291,2017-09-17,8416,VALÈNCIA,VALENCIA,11,"22,4","0,0","15,9","28,8","8,8",02
292,2017-09-18,8416,VALÈNCIA,VALENCIA,11,"22,9","0,0","16,4","29,4","10,6",02
293,2017-09-19,8416,VALÈNCIA,VALENCIA,11,"22,5","0,0","17,5","27,5","10,6",02
294,2017-09-20,8416,VALÈNCIA,VALENCIA,11,"21,8","0,0","17,5","26,0","8,3",02
295,2017-09-21,8416,VALÈNCIA,VALENCIA,11,"22,4","0,0","18,4","26,4","9,3",02
296,2017-09-22,8416,VALÈNCIA,VALENCIA,11,"22,8","0,0","18,5","27,0","9,5",02
297,2017-09-23,8416,VALÈNCIA,VALENCIA,11,"22,6","0,0","18,4","26,8","9,6",02
298,2017-09-24,8416,VALÈNCIA,VALENCIA,11,"23,6","0,0","18,0","29,2","10,2",02
299,2017-09-25,8416,VALÈNCIA,VALENCIA,11,"27,2","0,0","19,3","35,2","8,9",02
300,2017-09-26,8416,VALÈNCIA,VALENCIA,11,"23,3","0,0","20,6","26,0","5,8",02
301,2017-09-27,8416,VALÈNCIA,VALENCIA,11,"23,3","0,0","20,0","26,6","7,6",02
302,2017-09-28,8416,VALÈNCIA,VALENCIA,11,"23,1","0,0","19,9","26,3","9,7",02
303,2017-09-29,8416,VALÈNCIA,VALENCIA,11,"22,2","0,0","18,6","25,7","9,2",02
304,2017-09-30,8416,VALÈNCIA,VALENCIA,11,"22,0","0,0","18,0","26,1","4,8",02
305,2017-10-01,8416,VALÈNCIA,VALENCIA,11,"22,2","0,0","19,8","24,6","2,6",02
306,2017-10-02,8416,VALÈNCIA,VALENCIA,11,"22,8","0,0","18,8","26,8","8,2",02
307,2017-10-03,8416,VALÈNCIA,VALENCIA,11,"22,7","0,0","18,6","26,8","9,7",02
308,2017-10-04,8416,VALÈNCIA,VALENCIA,11,"23,4","0,0","19,7","27,1","10,3",02
309,2017-10-05,8416,VALÈNCIA,VALENCIA,11,"23,6","0,0","19,0","28,3","10,3",02
310,2017-10-06,8416,VALÈNCIA,VALENCIA,11,"23,1","0,0","17,8","28,4","9,9",02
311,2017-10-07,8416,VALÈNCIA,VALENCIA,11,"20,2","2,9","16,8","23,5","2,5",02
312,2017-10-08,8416,VALÈNCIA,VALENCIA,11,"22,2","0,0","17,5","27,0","9,7",02
313,2017-10-09,8416,VALÈNCIA,VALENCIA,11,"21,0","0,0","15,5","26,4","8,9",02
314,2017-10-10,8416,VALÈNCIA,VALENCIA,11,"21,2","0,0","16,5","25,9","9,6",02
315,2017-10-11,8416,VALÈNCIA,VALENCIA,11,"21,0","0,0","16,9","25,1","9,5",02
316,2017-10-12,8416,VALÈNCIA,VALENCIA,11,"21,2","0,0","16,8","25,5","5,6",02
317,2017-10-13,8416,VALÈNCIA,VALENCIA,11,"21,5","0,0","17,5","25,5","8,3",02
318,2017-10-14,8416,VALÈNCIA,VALENCIA,11,"22,4","0,0","18,5","26,3","7,4",02
319,2017-10-15,8416,VALÈNCIA,VALENCIA,11,"21,4","0,0","18,3","24,6","7,5",02
320,2017-10-16,8416,VALÈNCIA,VALENCIA,11,"21,8","0,0","18,2","25,5","6,1",02
321,2017-10-17,8416,VALÈNCIA,VALENCIA,11,"21,0","0,0","17,0","25,0","7,0",02
322,2017-10-18,8416,VALÈNCIA,VALENCIA,11,"22,7","13,4","19,8","25,6","1,8",02
323,2017-10-19,8416,VALÈNCIA,VALENCIA,11,"19,7","0,6","14,4","25,0","6,4",02
324,2017-10-20,8416,VALÈNCIA,VALENCIA,11,"21,0","0,0","16,2","25,7","8,7",02
325,2017-10-21,8416,VALÈNCIA,VALENCIA,11,"22,0","0,0","15,7","28,3","9,0",02
326,2017-10-22,8416,VALÈNCIA,VALENCIA,11,"20,2","0,0","17,4","23,0","7,3",02
327,2017-10-23,8416,VALÈNCIA,VALENCIA,11,"18,2","0,0","13,5","23,0","8,7",02
328,2017-10-24,8416,VALÈNCIA,VALENCIA,11,"20,6","0,0","14,2","27,0","8,3",02
329,2017-10-25,8416,VALÈNCIA,VALENCIA,11,"19,4","0,0","13,2","25,5","9,7",02
330,2017-10-26,8416,VALÈNCIA,VALENCIA,11,"19,4","0,0","13,5","25,4","9,6",02
331,2017-10-27,8416,VALÈNCIA,VALENCIA,11,"22,3","0,0","14,4","30,2","9,6",02
332,2017-10-28,8416,VALÈNCIA,VALENCIA,11,"20,2","0,0","15,0","25,5","7,3",02
333,2017-10-29,8416,VALÈNCIA,VALENCIA,11,"18,8","0,0","14,5","23,1","8,9",02
334,2017-10-30,8416,VALÈNCIA,VALENCIA,11,"18,0","0,0","12,5","23,5","9,3",02
335,2017-10-31,8416,VALÈNCIA,VALENCIA,11,"19,0","0,1","16,4","21,5","3,0",02
336,2017-11-01,8416,VALÈNCIA,VALENCIA,11,"19,4","0,0","15,6","23,1","9,1",02
337,2017-11-02,8416,VALÈNCIA,VALENCIA,11,"18,9","0,0","14,7","23,1","1,5",02
338,2017-11-03,8416,VALÈNCIA,VALENCIA,11,"19,2","0,0","15,2","23,2","4,6",02
339,2017-11-04,8416,VALÈNCIA,VALENCIA,11,"19,2",Ip,"15,1","23,2","4,9",02
340,2017-11-05,8416,VALÈNCIA,VALENCIA,11,"19,7","0,0","14,5","24,9","9,3",02
341,2017-11-06,8416,VALÈNCIA,VALENCIA,11,"16,3","0,0","12,5","20,1","9,3",02
342,2017-11-07,8416,VALÈNCIA,VALENCIA,11,"14,6","0,0","8,6","20,5","6,8",02
343,2017-11-08,8416,VALÈNCIA,VALENCIA,11,"16,5",Ip,"10,2","22,8","8,7",02
344,2017-11-09,8416,VALÈNCIA,VALENCIA,11,"14,6","0,0","10,7","18,6","9,1",02
345,2017-11-10,8416,VALÈNCIA,VALENCIA,11,"15,0","0,0","8,8","21,2","8,0",02
346,2017-11-11,8416,VALÈNCIA,VALENCIA,11,"17,6","0,0","10,1","25,1","9,3",02
347,2017-11-12,8416,VALÈNCIA,VALENCIA,11,"17,7","0,0","10,6","24,8","9,3",02
348,2017-11-13,8416,VALÈNCIA,VALENCIA,11,"17,1","0,0","13,9","20,3","9,0",02
349,2017-11-14,8416,VALÈNCIA,VALENCIA,11,"12,6","0,0","6,8","18,4","9,2",02
350,2017-11-15,8416,VALÈNCIA,VALENCIA,11,"12,6","0,0","6,7","18,4","4,8",02
351,2017-11-16,8416,VALÈNCIA,VALENCIA,11,"13,0","0,0","7,5","18,5","9,0",02
352,2017-11-17,8416,VALÈNCIA,VALENCIA,11,"14,4","0,0","8,0","20,9","3,7",02
353,2017-11-18,8416,VALÈNCIA,VALENCIA,11,"14,1","0,0","8,0","20,2","8,8",02
354,2017-11-19,8416,VALÈNCIA,VALENCIA,11,"14,0","0,0","8,5","19,4","8,8",02
355,2017-11-20,8416,VALÈNCIA,VALENCIA,11,"14,2","0,0","8,8","19,5","9,0",02
356,2017-11-21,8416,VALÈNCIA,VALENCIA,11,"14,4","0,0","7,5","21,2","9,0",02
357,2017-11-22,8416,VALÈNCIA,VALENCIA,11,"13,6","0,0","6,8","20,5","8,0",02
358,2017-11-23,8416,VALÈNCIA,VALENCIA,11,"16,0","0,0","6,8","25,2","1,3",02
359,2017-11-24,8416,VALÈNCIA,VALENCIA,11,"19,6","0,0","13,4","25,7","4,1",02
360,2017-11-25,8416,VALÈNCIA,VALENCIA,11,"16,7","0,0","11,8","21,6","0,0",02
361,2017-11-26,8416,VALÈNCIA,VALENCIA,11,"12,6","0,0","7,8","17,5","7,2",02
362,2017-11-27,8416,VALÈNCIA,VALENCIA,11,"12,0","0,0","6,7","17,4","7,2",02
363,2017-11-28,8416,VALÈNCIA,VALENCIA,11,"13,0","3,0","9,0","17,0","0,7",02
364,2017-11-29,8416,VALÈNCIA,VALENCIA,11,"10,8","4,4","8,7","13,0","0,0",02
365,2017-11-30,8416,VALÈNCIA,VALENCIA,11,"10,8","0,0","5,4","16,3","8,8",02
366,2017-12-01,8416,VALÈNCIA,VALENCIA,11,"10,8","0,0","5,2","16,5","6,5",02
367,2017-12-02,8416,VALÈNCIA,VALENCIA,11,"9,0","0,0","5,3","12,6","8,2",02
368,2017-12-03,8416,VALÈNCIA,VALENCIA,11,"10,7","0,0","4,5","16,9","8,8",02
369,2017-12-04,8416,VALÈNCIA,VALENCIA,11,"9,6","0,0","3,4","15,8","8,7",02
370,2017-12-05,8416,VALÈNCIA,VALENCIA,11,"10,0","0,0","4,0","16,0","7,7",02
371,2017-12-06,8416,VALÈNCIA,VALENCIA,11,"10,4","0,0","4,0","16,8","8,7",02
372,2017-12-07,8416,VALÈNCIA,VALENCIA,11,"10,2","0,0","4,2","16,2","6,4",02
373,2017-12-08,8416,VALÈNCIA,VALENCIA,11,"12,8","0,0","5,7","19,8","2,7",02
374,2017-12-09,8416,VALÈNCIA,VALENCIA,11,"13,4","0,0","10,1","16,8","1,2",02
375,2017-12-10,8416,VALÈNCIA,VALENCIA,11,"15,0","0,0","10,6","19,3","1,3",02
376,2017-12-11,8416,VALÈNCIA,VALENCIA,11,"17,0","0,0","14,6","19,5",,02
377,2017-12-12,8416,VALÈNCIA,VALENCIA,11,"11,7","0,6","7,4","16,0","5,9",02
378,2017-12-13,8416,VALÈNCIA,VALENCIA,11,"10,8","0,0","4,8","16,8","6,6",02
379,2017-12-14,8416,VALÈNCIA,VALENCIA,11,"14,2","0,0","11,4","16,9","3,7",02
380,2017-12-15,8416,VALÈNCIA,VALENCIA,11,"15,2","0,0","11,4","18,9","4,5",02
381,2017-12-16,8416,VALÈNCIA,VALENCIA,11,"13,0","0,0","7,8","18,2","8,4",02
382,2017-12-17,8416,VALÈNCIA,VALENCIA,11,"12,4","0,0","5,6","19,1","5,5",02
383,2017-12-18,8416,VALÈNCIA,VALENCIA,11,"10,4","1,3","4,7","16,2","6,5",02
384,2017-12-19,8416,VALÈNCIA,VALENCIA,11,"12,8","1,4","10,0","15,7","4,3",02
385,2017-12-20,8416,VALÈNCIA,VALENCIA,11,"12,1","0,0","6,6","17,6","4,9",02
386,2017-12-21,8416,VALÈNCIA,VALENCIA,11,"11,8","0,0","6,2","17,5","6,8",02
387,2017-12-22,8416,VALÈNCIA,VALENCIA,11,"13,0","0,0","6,3","19,8","7,9",02
388,2017-12-23,8416,VALÈNCIA,VALENCIA,11,"11,0","0,0","6,4","15,6","1,7",02
389,2017-12-24,8416,VALÈNCIA,VALENCIA,11,"12,6","0,0","7,2","17,9","8,3",02
390,2017-12-25,8416,VALÈNCIA,VALENCIA,11,"10,8","0,0","5,4","16,2","8,4",02
391,2017-12-26,8416,VALÈNCIA,VALENCIA,11,"14,2","0,1","11,0","17,5","2,0",02
392,2017-12-27,8416,VALÈNCIA,VALENCIA,11,"15,0","0,1","11,9","18,1","7,3",02
393,2017-12-28,8416,VALÈNCIA,VALENCIA,11,"15,8","0,0","10,9","20,7","7,6",02
394,2017-12-29,8416,VALÈNCIA,VALENCIA,11,"15,6","0,0","8,7","22,4","0,1",02
395,2017-12-30,8416,VALÈNCIA,VALENCIA,11,"18,4","0,0","13,6","23,2","8,0",02
396,2017-12-31,8416,VALÈNCIA,VALENCIA,11,"15,3","0,0","9,6","21,0","0,1",02
397,2018-01-01,8416,VALÈNCIA,VALENCIA,11,"14,2","0,0","10,5","18,0","7,1",02
398,2018-01-02,8416,VALÈNCIA,VALENCIA,11,"16,5","0,0","12,5","20,5","5,8",02
399,2018-01-03,8416,VALÈNCIA,VALENCIA,11,"18,2","0,0","13,5","22,9","4,6",02
400,2018-01-04,8416,VALÈNCIA,VALENCIA,11,"18,4","0,0","14,9","22,0","2,2",02
401,2018-01-05,8416,VALÈNCIA,VALENCIA,11,"17,2","0,0","14,3","20,0","8,6",02
402,2018-01-06,8416,VALÈNCIA,VALENCIA,11,"11,8","5,5","8,2","15,4","0,0",02
403,2018-01-07,8416,VALÈNCIA,VALENCIA,11,"10,9","0,4","6,7","15,1","7,7",02
404,2018-01-08,8416,VALÈNCIA,VALENCIA,11,"9,8","0,0","4,3","15,4","7,1",02
405,2018-01-09,8416,VALÈNCIA,VALENCIA,11,"10,0","0,5","5,6","14,5","6,6",02
406,2018-01-10,8416,VALÈNCIA,VALENCIA,11,"13,9","0,0","9,7","18,1","6,7",02
407,2018-01-11,8416,VALÈNCIA,VALENCIA,11,"13,8","0,0","9,6","17,9","8,7",02
408,2018-01-12,8416,VALÈNCIA,VALENCIA,11,"12,2","0,0","6,7","17,8","8,5",02
409,2018-01-13,8416,VALÈNCIA,VALENCIA,11,"10,2","0,1","6,7","13,8","2,1",02
410,2018-01-14,8416,VALÈNCIA,VALENCIA,11,"12,0","0,0","8,9","15,1","1,4",02
411,2018-01-15,8416,VALÈNCIA,VALENCIA,11,"11,0","0,0","4,8","17,1","8,5",02
412,2018-01-16,8416,VALÈNCIA,VALENCIA,11,"15,3","0,0","9,1","21,5","6,5",02
413,2018-01-17,8416,VALÈNCIA,VALENCIA,11,"16,9","0,0","10,0","23,8","8,9",02
414,2018-01-18,8416,VALÈNCIA,VALENCIA,11,"12,8","0,0","7,8","17,8","8,7",02
415,2018-01-19,8416,VALÈNCIA,VALENCIA,11,"13,1","0,0","8,0","18,2","2,8",02
416,2018-01-20,8416,VALÈNCIA,VALENCIA,11,"15,4","0,0","8,9","21,8","6,8",02
417,2018-01-21,8416,VALÈNCIA,VALENCIA,11,"20,3","0,0","14,2","26,4","9,1",02
418,2018-01-22,8416,VALÈNCIA,VALENCIA,11,"19,4","0,0","12,1","26,6","6,8",02
419,2018-01-23,8416,VALÈNCIA,VALENCIA,11,"15,4","0,0","9,5","21,4","8,4",02
420,2018-01-24,8416,VALÈNCIA,VALENCIA,11,"13,7","0,0","8,4","19,0","8,0",02
421,2018-01-25,8416,VALÈNCIA,VALENCIA,11,"12,0","1,2","9,2","14,9","6,5",02
422,2018-01-26,8416,VALÈNCIA,VALENCIA,11,"11,0","1,5","9,3","12,7","0,1",02
423,2018-01-27,8416,VALÈNCIA,VALENCIA,11,"12,0","6,4","8,1","15,8","7,1",02
424,2018-01-28,8416,VALÈNCIA,VALENCIA,11,"11,4","10,9","9,2","13,6","0,0",02
425,2018-01-29,8416,VALÈNCIA,VALENCIA,11,"12,4","0,0","7,5","17,3","7,9",02
426,2018-01-30,8416,VALÈNCIA,VALENCIA,11,"11,8","0,0","6,5","17,0","9,0",02
427,2018-01-31,8416,VALÈNCIA,VALENCIA,11,"11,4","0,0","6,0","16,9","7,2",02
428,2018-02-01,8416,VALÈNCIA,VALENCIA,11,"11,4","9,5","7,1","15,8","2,3",02
429,2018-02-02,8416,VALÈNCIA,VALENCIA,11,"9,6","0,0","6,6","12,5","2,4",02
430,2018-02-03,8416,VALÈNCIA,VALENCIA,11,"8,5","1,4","4,8","12,2","7,8",02
431,2018-02-04,8416,VALÈNCIA,VALENCIA,11,"8,6","7,8","7,4","9,7","0,0",02
432,2018-02-05,8416,VALÈNCIA,VALENCIA,11,"10,0","6,0","6,3","13,7","1,5",02
433,2018-02-06,8416,VALÈNCIA,VALENCIA,11,"6,8","8,6","4,6","9,1","0,0",02
434,2018-02-07,8416,VALÈNCIA,VALENCIA,11,"9,2","0,0","5,0","13,5","2,7",02
435,2018-02-08,8416,VALÈNCIA,VALENCIA,11,"8,2","0,0","2,8","13,5","8,8",02
436,2018-02-09,8416,VALÈNCIA,VALENCIA,11,"8,4","0,0","2,6","14,2","7,3",02
437,2018-02-10,8416,VALÈNCIA,VALENCIA,11,"10,8","0,0","7,6","14,0","4,5",02
438,2018-02-11,8416,VALÈNCIA,VALENCIA,11,"13,7","0,0","6,0","21,4","8,3",02
439,2018-02-12,8416,VALÈNCIA,VALENCIA,11,"10,5","1,3","7,2","13,8","1,9",02
440,2018-02-13,8416,VALÈNCIA,VALENCIA,11,"10,1","0,0","3,8","16,4","7,2",02
441,2018-02-14,8416,VALÈNCIA,VALENCIA,11,"14,4",Ip,"11,4","17,3","0,0",02
442,2018-02-15,8416,VALÈNCIA,VALENCIA,11,"17,7","0,0","11,9","23,5","9,9",02
443,2018-02-16,8416,VALÈNCIA,VALENCIA,11,"14,8",Ip,"10,0","19,7","6,2",02
444,2018-02-17,8416,VALÈNCIA,VALENCIA,11,"13,8","2,4","9,1","18,4","7,9",02
445,2018-02-18,8416,VALÈNCIA,VALENCIA,11,"13,5","0,0","10,8","16,2","5,7",02
446,2018-02-19,8416,VALÈNCIA,VALENCIA,11,"13,0","0,1","7,5","18,4","8,5",02
447,2018-02-20,8416,VALÈNCIA,VALENCIA,11,"16,3","0,0","10,3","22,3","7,8",02
448,2018-02-21,8416,VALÈNCIA,VALENCIA,11,"12,2","0,0","7,5","17,0","5,8",02
449,2018-02-22,8416,VALÈNCIA,VALENCIA,11,"8,8","0,0","5,0","12,5","9,3",02
450,2018-02-23,8416,VALÈNCIA,VALENCIA,11,"8,6","0,0","3,7","13,4","9,6",02
451,2018-02-24,8416,VALÈNCIA,VALENCIA,11,"8,7","0,0","3,5","13,9","9,5",02
452,2018-02-25,8416,VALÈNCIA,VALENCIA,11,"10,4","0,0","3,9","17,0","9,8",02
453,2018-02-26,8416,VALÈNCIA,VALENCIA,11,"10,6","0,0","4,8","16,5","9,8",02
454,2018-02-27,8416,VALÈNCIA,VALENCIA,11,"8,0","22,4","7,7","8,4","0,0",02
455,2018-02-28,8416,VALÈNCIA,VALENCIA,11,"8,2","0,0","5,8","10,7","0,0",02
456,2018-03-01,8416,VALÈNCIA,VALENCIA,11,"11,4","4,6","7,5","15,2","0,1",02
457,2018-03-02,8416,VALÈNCIA,VALENCIA,11,"13,4","0,0","11,0","15,7","0,1",02
458,2018-03-03,8416,VALÈNCIA,VALENCIA,11,"15,1","0,0","10,7","19,5","4,5",02
459,2018-03-04,8416,VALÈNCIA,VALENCIA,11,"15,5","2,8","13,2","17,8","3,1",02
460,2018-03-05,8416,VALÈNCIA,VALENCIA,11,"13,8","0,0","10,1","17,5","4,1",02
461,2018-03-06,8416,VALÈNCIA,VALENCIA,11,"15,2","0,0","11,5","19,0","7,2",02
462,2018-03-07,8416,VALÈNCIA,VALENCIA,11,"14,4","0,3","9,2","19,7","9,5",02
463,2018-03-08,8416,VALÈNCIA,VALENCIA,11,"14,8","0,0","10,4","19,3","4,5",02
464,2018-03-09,8416,VALÈNCIA,VALENCIA,11,"17,4","0,0","11,3","23,6","9,2",02
465,2018-03-10,8416,VALÈNCIA,VALENCIA,11,"19,6","6,4","14,6","24,5","6,8",02
466,2018-03-11,8416,VALÈNCIA,VALENCIA,11,"16,7","0,0","13,9","19,5","7,0",02
467,2018-03-12,8416,VALÈNCIA,VALENCIA,11,"17,0","0,0","12,9","21,1","10,3",02
468,2018-03-13,8416,VALÈNCIA,VALENCIA,11,"17,8","0,4","12,4","23,1","7,8",02
469,2018-03-14,8416,VALÈNCIA,VALENCIA,11,"15,8","0,0","11,4","20,2","2,5",02
470,2018-03-15,8416,VALÈNCIA,VALENCIA,11,"16,5","0,0","13,4","19,6","4,4",02
471,2018-03-16,8416,VALÈNCIA,VALENCIA,11,"16,0","0,0","11,5","20,4","9,4",02
472,2018-03-17,8416,VALÈNCIA,VALENCIA,11,"12,6","0,1","10,0","15,1","1,7",02
473,2018-03-18,8416,VALÈNCIA,VALENCIA,11,"15,2","0,0","10,0","20,5","5,3",02
474,2018-03-19,8416,VALÈNCIA,VALENCIA,11,"12,9","4,5","9,3","16,5","1,7",02
475,2018-03-20,8416,VALÈNCIA,VALENCIA,11,"10,4","0,0","6,8","14,1","6,6",02
476,2018-03-21,8416,VALÈNCIA,VALENCIA,11,"11,0","0,0","5,4","16,5","10,6",02
477,2018-03-22,8416,VALÈNCIA,VALENCIA,11,"10,2","0,0","5,3","15,1","10,7",02
478,2018-03-23,8416,VALÈNCIA,VALENCIA,11,"16,1","0,0","8,4","23,8","3,6",02
479,2018-03-24,8416,VALÈNCIA,VALENCIA,11,"15,4",Ip,"11,7","19,0","9,4",02
480,2018-03-25,8416,VALÈNCIA,VALENCIA,11,"14,8",Ip,"10,0","19,5","3,6",02
481,2018-03-26,8416,VALÈNCIA,VALENCIA,11,"15,0","0,0","8,5","21,6","9,3",02
482,2018-03-27,8416,VALÈNCIA,VALENCIA,11,"16,8","0,0","10,6","23,1","10,6",02
483,2018-03-28,8416,VALÈNCIA,VALENCIA,11,"21,2","0,0","12,4","30,0","10,7",02
484,2018-03-29,8416,VALÈNCIA,VALENCIA,11,"20,3","0,0","16,0","24,6","6,9",02
485,2018-03-30,8416,VALÈNCIA,VALENCIA,11,"17,0","0,0","13,2","20,8","9,8",02
486,2018-03-31,8416,VALÈNCIA,VALENCIA,11,"16,0","0,0","10,5","21,5","11,1",02
487,2018-04-01,8416,VALÈNCIA,VALENCIA,11,"13,8","0,0","9,5","18,2","10,1",02
488,2018-04-02,8416,VALÈNCIA,VALENCIA,11,"14,0","0,0","10,5","17,4","5,4",02
489,2018-04-03,8416,VALÈNCIA,VALENCIA,11,"18,0","0,0","9,5","26,4","10,6",02
490,2018-04-04,8416,VALÈNCIA,VALENCIA,11,"19,0","0,0","15,4","22,7","10,9",02
491,2018-04-05,8416,VALÈNCIA,VALENCIA,11,"17,1","0,0","12,6","21,6","10,1",02
492,2018-04-06,8416,VALÈNCIA,VALENCIA,11,"15,6",Ip,"12,1","19,0","3,0",02
493,2018-04-07,8416,VALÈNCIA,VALENCIA,11,"17,4","6,7","12,8","22,1","0,0",02
494,2018-04-08,8416,VALÈNCIA,VALENCIA,11,"16,6","0,0","10,6","22,5","9,9",02
495,2018-04-09,8416,VALÈNCIA,VALENCIA,11,"16,3","0,0","12,6","20,0","10,8",02
496,2018-04-10,8416,VALÈNCIA,VALENCIA,11,"15,2","4,3","12,0","18,5","3,2",02
497,2018-04-11,8416,VALÈNCIA,VALENCIA,11,"12,8","0,0","9,9","15,7","2,7",02
498,2018-04-12,8416,VALÈNCIA,VALENCIA,11,"17,1","0,6","12,2","22,0","9,8",02
499,2018-04-13,8416,VALÈNCIA,VALENCIA,11,"16,8","0,0","12,0","21,6","9,6",02
500,2018-04-14,8416,VALÈNCIA,VALENCIA,11,"14,8","0,0","10,3","19,2","7,6",02
501,2018-04-15,8416,VALÈNCIA,VALENCIA,11,"19,2",Ip,"11,5","27,0","9,3",02
502,2018-04-16,8416,VALÈNCIA,VALENCIA,11,"19,1","0,0","15,2","23,0","1,1",02
503,2018-04-17,8416,VALÈNCIA,VALENCIA,11,"18,5","0,0","12,5","24,5","10,4",02
504,2018-04-18,8416,VALÈNCIA,VALENCIA,11,"18,0","0,0","12,4","23,6","8,6",02
505,2018-04-19,8416,VALÈNCIA,VALENCIA,11,"16,5","0,0","13,0","20,0","10,4",02
506,2018-04-20,8416,VALÈNCIA,VALENCIA,11,"18,0","0,0","14,5","21,6","8,8",02
507,2018-04-21,8416,VALÈNCIA,VALENCIA,11,"16,3","0,0","12,2","20,4","2,5",02
508,2018-04-22,8416,VALÈNCIA,VALENCIA,11,"19,2","0,0","13,4","24,9","6,6",02
509,2018-04-23,8416,VALÈNCIA,VALENCIA,11,"20,0","0,0","15,6","24,5",,02
510,2018-04-24,8416,VALÈNCIA,VALENCIA,11,"19,2","0,0","15,0","23,5","2,1",02
511,2018-04-25,8416,VALÈNCIA,VALENCIA,11,"18,4","0,0","14,1","22,6","2,3",02
512,2018-04-26,8416,VALÈNCIA,VALENCIA,11,"19,0","0,0","16,0","21,9","10,6",02
513,2018-04-27,8416,VALÈNCIA,VALENCIA,11,"18,7","5,4","14,2","23,2","8,7",02
514,2018-04-28,8416,VALÈNCIA,VALENCIA,11,"19,0","0,5","16,5","21,5","4,7",02
515,2018-04-29,8416,VALÈNCIA,VALENCIA,11,"18,8","0,0","15,5","22,0","10,7",02
516,2018-04-30,8416,VALÈNCIA,VALENCIA,11,"16,2","0,0","11,8","20,5","4,5",02
517,2018-05-01,8416,VALÈNCIA,VALENCIA,11,"14,0","0,0","10,4","17,7","11,2",02
518,2018-05-02,8416,VALÈNCIA,VALENCIA,11,"18,3","0,0","9,6","27,0","8,6",02
519,2018-05-03,8416,VALÈNCIA,VALENCIA,11,"20,5","0,0","15,4","25,6","11,4",02
520,2018-05-04,8416,VALÈNCIA,VALENCIA,11,"16,8",Ip,"13,1","20,5","0,0",02
521,2018-05-05,8416,VALÈNCIA,VALENCIA,11,"16,2","0,0","9,6","22,7","5,3",02
522,2018-05-06,8416,VALÈNCIA,VALENCIA,11,"19,6","0,0","14,8","24,5","7,4",02
523,2018-05-07,8416,VALÈNCIA,VALENCIA,11,"17,8","0,0","13,6","21,9","11,5",02
524,2018-05-08,8416,VALÈNCIA,VALENCIA,11,"20,2","1,0","15,4","24,9","4,2",02
525,2018-05-09,8416,VALÈNCIA,VALENCIA,11,"19,8","0,0","16,0","23,7","10,0",02
526,2018-05-10,8416,VALÈNCIA,VALENCIA,11,"19,3","0,0","16,6","22,0","6,3",02
527,2018-05-11,8416,VALÈNCIA,VALENCIA,11,"19,0","0,0","14,2","23,7","10,5",02
528,2018-05-12,8416,VALÈNCIA,VALENCIA,11,"21,4","0,0","15,5","27,4",,02
529,2018-05-13,8416,VALÈNCIA,VALENCIA,11,"18,8","0,0","13,0","24,7","11,6",02
530,2018-05-14,8416,VALÈNCIA,VALENCIA,11,"17,7","0,0","13,9","21,5","9,7",02
531,2018-05-15,8416,VALÈNCIA,VALENCIA,11,"17,8","0,0","13,0","22,5","11,7",02
532,2018-05-16,8416,VALÈNCIA,VALENCIA,11,"18,0","0,0","13,3","22,7","10,9",02
533,2018-05-17,8416,VALÈNCIA,VALENCIA,11,"19,1","0,0","14,7","23,5","11,6",02
534,2018-05-18,8416,VALÈNCIA,VALENCIA,11,"19,5","0,0","14,7","24,3","11,6",02
535,2018-05-19,8416,VALÈNCIA,VALENCIA,11,"19,2","0,0","14,8","23,7","11,5",02
536,2018-05-20,8416,VALÈNCIA,VALENCIA,11,"19,2","0,0","14,5","24,0","11,5",02
537,2018-05-21,8416,VALÈNCIA,VALENCIA,11,"19,5","0,0","15,5","23,5","7,5",02
538,2018-05-22,8416,VALÈNCIA,VALENCIA,11,"21,0",Ip,"15,4","26,5","7,0",02
539,2018-05-23,8416,VALÈNCIA,VALENCIA,11,"21,3","0,0","17,6","25,0","7,0",02
540,2018-05-24,8416,VALÈNCIA,VALENCIA,11,"21,0","0,0","17,7","24,4","6,1",02
541,2018-05-25,8416,VALÈNCIA,VALENCIA,11,"20,8","0,0","18,1","23,5","4,8",02
542,2018-05-26,8416,VALÈNCIA,VALENCIA,11,"21,0","0,0","18,3","23,8","7,6",02
543,2018-05-27,8416,VALÈNCIA,VALENCIA,11,"21,6","8,1","18,2","25,0","3,9",02
544,2018-05-28,8416,VALÈNCIA,VALENCIA,11,"22,2","1,4","16,5","28,0","1,8",02
545,2018-05-29,8416,VALÈNCIA,VALENCIA,11,"21,3","0,1","18,3","24,3","4,4",02
546,2018-05-30,8416,VALÈNCIA,VALENCIA,11,"22,2","0,1","17,3","27,1","8,3",02
547,2018-05-31,8416,VALÈNCIA,VALENCIA,11,"21,0","0,0","16,4","25,6","11,5",02
548,2018-06-01,8416,VALÈNCIA,VALENCIA,11,"21,0","0,0","16,3","25,7","10,2",02
549,2018-06-02,8416,VALÈNCIA,VALENCIA,11,"21,1","92,8","18,4","23,8","2,9",02
550,2018-06-03,8416,VALÈNCIA,VALENCIA,11,"19,8","0,2","15,7","24,0","6,0",02
551,2018-06-04,8416,VALÈNCIA,VALENCIA,11,"23,6","0,0","17,5","29,7","11,4",02
552,2018-06-05,8416,VALÈNCIA,VALENCIA,11,"22,8","0,0","18,3","27,3","7,3",02
553,2018-06-06,8416,VALÈNCIA,VALENCIA,11,"21,2","10,2","18,0","24,5","6,2",02
554,2018-06-07,8416,VALÈNCIA,VALENCIA,11,"20,6","0,0","15,0","26,2","10,1",02
555,2018-06-08,8416,VALÈNCIA,VALENCIA,11,"22,0","0,0","18,0","26,0","5,8",02
556,2018-06-09,8416,VALÈNCIA,VALENCIA,11,"22,0","0,8","18,3","25,7","3,2",02
557,2018-06-10,8416,VALÈNCIA,VALENCIA,11,"22,6","0,0","19,5","25,6","7,7",02
558,2018-06-11,8416,VALÈNCIA,VALENCIA,11,"23,9","0,0","18,5","29,3","11,1",02
559,2018-06-12,8416,VALÈNCIA,VALENCIA,11,"24,2","0,0","19,5","29,0","9,4",02
560,2018-06-13,8416,VALÈNCIA,VALENCIA,11,"23,8","1,2","19,2","28,3","11,3",02
561,2018-06-14,8416,VALÈNCIA,VALENCIA,11,"22,6","0,0","18,8","26,5","10,8",02
562,2018-06-15,8416,VALÈNCIA,VALENCIA,11,"22,4","0,0","17,9","26,9","11,4",02
563,2018-06-16,8416,VALÈNCIA,VALENCIA,11,"22,8","0,0","19,8","25,9","8,7",02
564,2018-06-17,8416,VALÈNCIA,VALENCIA,11,"22,8","0,0","18,6","27,0","11,1",02
565,2018-06-18,8416,VALÈNCIA,VALENCIA,11,"23,0","0,0","18,8","27,2","11,4",02
566,2018-06-19,8416,VALÈNCIA,VALENCIA,11,"23,6","0,0","19,1","28,1","11,5",02
567,2018-06-20,8416,VALÈNCIA,VALENCIA,11,"24,2","0,0","19,8","28,6","11,4",02
568,2018-06-21,8416,VALÈNCIA,VALENCIA,11,"25,0","0,0","19,5","30,5","8,8",02
569,2018-06-22,8416,VALÈNCIA,VALENCIA,11,"26,1","0,0","20,7","31,5","11,4",02
570,2018-06-23,8416,VALÈNCIA,VALENCIA,11,"25,6","0,0","23,0","28,2","10,4",02
571,2018-06-24,8416,VALÈNCIA,VALENCIA,11,"25,5","0,0","22,3","28,7","7,5",02
572,2018-06-25,8416,VALÈNCIA,VALENCIA,11,"25,0","0,0","21,2","28,7","11,3",02
573,2018-06-26,8416,VALÈNCIA,VALENCIA,11,"25,2","0,0","21,9","28,5","10,1",02
574,2018-06-27,8416,VALÈNCIA,VALENCIA,11,"25,0","0,0","21,5","28,6","5,2",02
575,2018-06-28,8416,VALÈNCIA,VALENCIA,11,"25,6","0,0","21,8","29,3","8,5",02
576,2018-06-29,8416,VALÈNCIA,VALENCIA,11,"25,5","0,0","22,5","28,5","10,8",02
577,2018-06-30,8416,VALÈNCIA,VALENCIA,11,"25,0","0,0","21,5","28,6","11,1",02
578,2018-07-01,8416,VALÈNCIA,VALENCIA,11,"25,4","0,0","22,2","28,6","11,3",02
579,2018-07-02,8416,VALÈNCIA,VALENCIA,11,"28,9","0,0","22,0","35,8","11,4",02
580,2018-07-03,8416,VALÈNCIA,VALENCIA,11,"25,4","0,0","21,4","29,5","10,9",02
581,2018-07-04,8416,VALÈNCIA,VALENCIA,11,"26,8","0,0","23,0","30,6","11,4",02
582,2018-07-05,8416,VALÈNCIA,VALENCIA,11,"25,7","0,0","22,1","29,3","11,3",02
583,2018-07-06,8416,VALÈNCIA,VALENCIA,11,"25,2","0,0","21,6","28,7",,02
584,2018-07-07,8416,VALÈNCIA,VALENCIA,11,"25,7","0,0","22,2","29,2","11,4",02
585,2018-07-08,8416,VALÈNCIA,VALENCIA,11,"26,2","0,0","21,7","30,6","11,4",02
586,2018-07-09,8416,VALÈNCIA,VALENCIA,11,"26,8","0,0","21,8","31,7","11,1",02
587,2018-07-10,8416,VALÈNCIA,VALENCIA,11,"26,4","0,0","22,6","30,1","7,9",02
588,2018-07-11,8416,VALÈNCIA,VALENCIA,11,"26,4","0,0","23,5","29,4","8,5",02
589,2018-07-12,8416,VALÈNCIA,VALENCIA,11,"26,9","0,0","23,6","30,2","11,4",02
590,2018-07-13,8416,VALÈNCIA,VALENCIA,11,"26,8","1,2","24,4","29,1","8,0",02
591,2018-07-14,8416,VALÈNCIA,VALENCIA,11,"26,2","0,0","23,0","29,5","11,5",02
592,2018-07-15,8416,VALÈNCIA,VALENCIA,11,"28,8","0,0","23,6","34,0","1,0",02
593,2018-07-16,8416,VALÈNCIA,VALENCIA,11,"30,8","0,0","24,3","37,2","11,4",02
594,2018-07-17,8416,VALÈNCIA,VALENCIA,11,"26,4","0,0","23,5","29,2","11,5",02
595,2018-07-18,8416,VALÈNCIA,VALENCIA,11,"26,4","0,0","22,7","30,2","6,4",02
596,2018-07-19,8416,VALÈNCIA,VALENCIA,11,"26,6","0,0","22,7","30,5","11,4",02
597,2018-07-20,8416,VALÈNCIA,VALENCIA,11,"26,1","0,0","22,7","29,5","10,3",02
598,2018-07-21,8416,VALÈNCIA,VALENCIA,11,"26,3","0,0","23,5","29,1","5,8",02
599,2018-07-22,8416,VALÈNCIA,VALENCIA,11,"26,4",Ip,"24,9","28,0","6,2",02
600,2018-07-23,8416,VALÈNCIA,VALENCIA,11,"26,0","0,0","22,0","30,0","11,6",02
601,2018-07-24,8416,VALÈNCIA,VALENCIA,11,"27,2","0,0","22,9","31,5","11,7",02
602,2018-07-25,8416,VALÈNCIA,VALENCIA,11,"27,3","0,0","24,1","30,5","7,8",02
603,2018-07-26,8416,VALÈNCIA,VALENCIA,11,"27,4","0,0","23,6","31,1","11,4",02
604,2018-07-27,8416,VALÈNCIA,VALENCIA,11,"27,0","0,0","23,1","31,0","5,1",02
605,2018-07-28,8416,VALÈNCIA,VALENCIA,11,"26,4","0,0","22,6","30,3","11,8",02
606,2018-07-29,8416,VALÈNCIA,VALENCIA,11,"27,4","0,0","24,3","30,5","11,7",02
607,2018-07-30,8416,VALÈNCIA,VALENCIA,11,"27,2","0,0","23,3","31,0","10,9",02
608,2018-07-31,8416,VALÈNCIA,VALENCIA,11,"27,3","0,0","23,9","30,7","11,6",02
609,2018-08-01,8416,VALÈNCIA,VALENCIA,11,"27,4","0,0","23,6","31,3","11,0",02
610,2018-08-02,8416,VALÈNCIA,VALENCIA,11,"27,7","0,0","22,7","32,7","9,3",02
611,2018-08-03,8416,VALÈNCIA,VALENCIA,11,"28,6","0,0","24,2","33,0","11,5",02
612,2018-08-04,8416,VALÈNCIA,VALENCIA,11,"29,6","0,0","24,6","34,6","11,5",02
613,2018-08-05,8416,VALÈNCIA,VALENCIA,11,"31,4","0,8","25,7","37,0","1,2",02
614,2018-08-06,8416,VALÈNCIA,VALENCIA,11,"29,3","0,0","25,2","33,4","8,3",02
615,2018-08-07,8416,VALÈNCIA,VALENCIA,11,"28,6","2,0","25,2","32,0","9,8",02
616,2018-08-08,8416,VALÈNCIA,VALENCIA,11,"27,4","7,9","23,7","31,0","1,5",02
617,2018-08-09,8416,VALÈNCIA,VALENCIA,11,"28,2","0,1","24,4","32,0","10,4",02
618,2018-08-10,8416,VALÈNCIA,VALENCIA,11,"26,8","1,0","24,3","29,4","8,6",02
619,2018-08-11,8416,VALÈNCIA,VALENCIA,11,"27,4","0,0","25,0","29,9","9,2",02
620,2018-08-12,8416,VALÈNCIA,VALENCIA,11,"27,5","1,0","25,0","30,0","7,6",02
621,2018-08-13,8416,VALÈNCIA,VALENCIA,11,"28,3","0,0","23,5","33,1","9,7",02
622,2018-08-14,8416,VALÈNCIA,VALENCIA,11,"27,4","0,0","24,7","30,1","9,0",02
623,2018-08-15,8416,VALÈNCIA,VALENCIA,11,"27,1","0,0","24,2","30,0","5,0",02
624,2018-08-16,8416,VALÈNCIA,VALENCIA,11,"26,6","0,0","24,6","28,5","2,2",02
625,2018-08-17,8416,VALÈNCIA,VALENCIA,11,"26,3","0,8","23,6","29,0","7,7",02
626,2018-08-18,8416,VALÈNCIA,VALENCIA,11,"24,8","0,0","22,5","27,2","6,2",02
627,2018-08-19,8416,VALÈNCIA,VALENCIA,11,"25,7","0,0","21,4","30,0","11,7",02
628,2018-08-20,8416,VALÈNCIA,VALENCIA,11,"26,8","0,0","21,3","32,4","11,5",02
629,2018-08-21,8416,VALÈNCIA,VALENCIA,11,"26,8","0,0","21,8","31,7","9,7",02
630,2018-08-22,8416,VALÈNCIA,VALENCIA,11,"27,0","0,0","22,2","31,8","9,3",02
631,2018-08-23,8416,VALÈNCIA,VALENCIA,11,"26,8",Ip,"22,2","31,5","7,3",02
632,2018-08-24,8416,VALÈNCIA,VALENCIA,11,"26,8","0,0","22,8","30,8","10,1",02
633,2018-08-25,8416,VALÈNCIA,VALENCIA,11,"25,8","0,0","22,5","29,2","10,2",02
634,2018-08-26,8416,VALÈNCIA,VALENCIA,11,"26,8","0,0","23,7","29,8","8,6",02
635,2018-08-27,8416,VALÈNCIA,VALENCIA,11,"27,2","0,0","24,1","30,2","10,3",02
636,2018-08-28,8416,VALÈNCIA,VALENCIA,11,"27,3",Ip,"24,6","30,0","6,8",02
637,2018-08-29,8416,VALÈNCIA,VALENCIA,11,"27,2","0,0","24,0","30,5","8,2",02
638,2018-08-30,8416,VALÈNCIA,VALENCIA,11,"27,1","0,0","23,5","30,7","7,4",02
639,2018-08-31,8416,VALÈNCIA,VALENCIA,11,"26,4","0,0","23,3","29,5","6,7",02
640,2018-09-01,8416,VALÈNCIA,VALENCIA,11,"26,9","0,0","23,3","30,5","7,2",02
641,2018-09-02,8416,VALÈNCIA,VALENCIA,11,"26,7","2,6","23,8","29,6","9,9",02
642,2018-09-03,8416,VALÈNCIA,VALENCIA,11,"26,8","2,6","23,7","29,8","4,1",02
643,2018-09-04,8416,VALÈNCIA,VALENCIA,11,"26,1","0,0","20,8","31,4","10,6",02
644,2018-09-05,8416,VALÈNCIA,VALENCIA,11,"26,7","13,0","23,8","29,6","7,2",02
645,2018-09-06,8416,VALÈNCIA,VALENCIA,11,"25,8","0,0","22,8","28,8","8,6",02
646,2018-09-07,8416,VALÈNCIA,VALENCIA,11,"25,3","0,0","22,2","28,4","4,6",02
647,2018-09-08,8416,VALÈNCIA,VALENCIA,11,"24,1","0,1","21,7","26,5","0,2",02
648,2018-09-09,8416,VALÈNCIA,VALENCIA,11,"24,1","18,2","21,5","26,7","1,3",02
649,2018-09-10,8416,VALÈNCIA,VALENCIA,11,"24,4","4,0","21,2","27,5","5,8",02
650,2018-09-11,8416,VALÈNCIA,VALENCIA,11,"24,2","5,0","19,7","28,8","4,4",02
651,2018-09-12,8416,VALÈNCIA,VALENCIA,11,"25,4","0,0","20,9","30,0","8,8",02
652,2018-09-13,8416,VALÈNCIA,VALENCIA,11,"25,4","0,0","21,3","29,5","10,4",02
653,2018-09-14,8416,VALÈNCIA,VALENCIA,11,"25,4","0,0","21,9","28,9","9,1",02
654,2018-09-15,8416,VALÈNCIA,VALENCIA,11,"23,2","43,8","22,5","24,0","2,2",02
655,2018-09-16,8416,VALÈNCIA,VALENCIA,11,"21,8","0,0","19,6","24,0","11,0",02
656,2018-09-17,8416,VALÈNCIA,VALENCIA,11,"24,0","43,0","19,6","28,3","5,2",02
657,2018-09-18,8416,VALÈNCIA,VALENCIA,11,"22,8","2,3","20,1","25,5","6,0",02
658,2018-09-19,8416,VALÈNCIA,VALENCIA,11,"24,2","0,0","19,6","28,7","9,4",02
659,2018-09-20,8416,VALÈNCIA,VALENCIA,11,"24,8","0,0","20,9","28,8","10,3",02
660,2018-09-21,8416,VALÈNCIA,VALENCIA,11,"25,8","0,0","20,7","31,0","9,9",02
661,2018-09-22,8416,VALÈNCIA,VALENCIA,11,"26,2","0,0","21,8","30,7","9,3",02
662,2018-09-23,8416,VALÈNCIA,VALENCIA,11,"27,1","0,0","22,4","31,8","9,9",02
663,2018-09-24,8416,VALÈNCIA,VALENCIA,11,"25,8","0,0","21,8","29,8","10,3",02
664,2018-09-25,8416,VALÈNCIA,VALENCIA,11,"21,2","5,3","19,7","22,7","0,0",02
665,2018-09-26,8416,VALÈNCIA,VALENCIA,11,"23,8","8,0","20,9","26,6","4,3",02
666,2018-09-27,8416,VALÈNCIA,VALENCIA,11,"23,2","0,0","19,8","26,5","9,0",02
667,2018-09-28,8416,VALÈNCIA,VALENCIA,11,"22,8","0,0","17,4","28,1","10,1",02
668,2018-09-29,8416,VALÈNCIA,VALENCIA,11,"23,0","0,0","16,6","29,4","10,6",02
669,2018-09-30,8416,VALÈNCIA,VALENCIA,11,"22,0","0,0","17,4","26,5","10,5",02
670,2018-10-01,8416,VALÈNCIA,VALENCIA,11,"22,2","0,0","18,3","26,2","10,1",02
671,2018-10-02,8416,VALÈNCIA,VALENCIA,11,"20,4","0,0","14,7","26,0","9,9",02
672,2018-10-03,8416,VALÈNCIA,VALENCIA,11,"21,2","0,0","15,0","27,5","10,5",02
673,2018-10-04,8416,VALÈNCIA,VALENCIA,11,"21,3","0,0","16,0","26,6","10,5",02
674,2018-10-05,8416,VALÈNCIA,VALENCIA,11,"21,6","0,0","17,1","26,0","9,7",02
675,2018-10-06,8416,VALÈNCIA,VALENCIA,11,"22,4","0,0","17,7","27,0","9,6",02
676,2018-10-07,8416,VALÈNCIA,VALENCIA,11,"21,4","0,0","17,4","25,5","9,6",02
677,2018-10-08,8416,VALÈNCIA,VALENCIA,11,"19,4","0,3","15,5","23,4","9,2",02
678,2018-10-09,8416,VALÈNCIA,VALENCIA,11,"17,7","1,1","13,5","21,9","2,6",02
679,2018-10-10,8416,VALÈNCIA,VALENCIA,11,"20,4","0,0","15,4","25,5","8,3",02
680,2018-10-11,8416,VALÈNCIA,VALENCIA,11,"21,4","0,1","17,0","25,9","3,9",02
681,2018-10-12,8416,VALÈNCIA,VALENCIA,11,"22,7","0,0","17,8","27,6","9,4",02
682,2018-10-13,8416,VALÈNCIA,VALENCIA,11,"23,4","0,0","19,8","26,9","5,0",02
683,2018-10-14,8416,VALÈNCIA,VALENCIA,11,"21,6","5,8","18,7","24,4","1,7",02
684,2018-10-15,8416,VALÈNCIA,VALENCIA,11,"20,6","0,0","16,0","25,1","6,7",02
685,2018-10-16,8416,VALÈNCIA,VALENCIA,11,"19,4","0,0","14,4","24,4","6,6",02
686,2018-10-17,8416,VALÈNCIA,VALENCIA,11,"20,6","0,0","16,0","25,1","9,9",02
687,2018-10-18,8416,VALÈNCIA,VALENCIA,11,"17,0","136,0","16,5","17,6","0,0",02
688,2018-10-19,8416,VALÈNCIA,VALENCIA,11,"19,2","12,7","15,9","22,6","3,9",02
689,2018-10-20,8416,VALÈNCIA,VALENCIA,11,"19,9","2,2","17,5","22,3","1,3",02
690,2018-10-21,8416,VALÈNCIA,VALENCIA,11,"21,6","0,1","18,8","24,3","4,0",02
691,2018-10-22,8416,VALÈNCIA,VALENCIA,11,"20,2","0,0","15,7","24,8","8,5",02
692,2018-10-23,8416,VALÈNCIA,VALENCIA,11,"19,8","0,0","16,0","23,5","7,0",02
693,2018-10-24,8416,VALÈNCIA,VALENCIA,11,"21,2","0,0","15,2","27,2","9,6",02
694,2018-10-25,8416,VALÈNCIA,VALENCIA,11,"20,2","0,0","13,9","26,5","9,6",02
695,2018-10-26,8416,VALÈNCIA,VALENCIA,11,"18,6","1,7","13,1","24,2","5,4",02
696,2018-10-27,8416,VALÈNCIA,VALENCIA,11,"17,0","20,1","16,0","18,1","0,0",02
697,2018-10-28,8416,VALÈNCIA,VALENCIA,11,"12,6","0,0","9,0","16,3","5,9",02
698,2018-10-29,8416,VALÈNCIA,VALENCIA,11,"12,5","0,0","7,4","17,6","6,8",02
699,2018-10-30,8416,VALÈNCIA,VALENCIA,11,"12,5","9,6","10,6","14,4","0,0",02
700,2018-10-31,8416,VALÈNCIA,VALENCIA,11,"13,2","0,0","10,7","15,7","3,9",02
701,2018-11-01,8416,VALÈNCIA,VALENCIA,11,"14,0","0,5","8,4","19,6","9,4",02
702,2018-11-02,8416,VALÈNCIA,VALENCIA,11,"13,8","0,2","10,6","17,0","0,0",02
703,2018-11-03,8416,VALÈNCIA,VALENCIA,11,"14,4","0,0","8,1","20,6","9,1",02
704,2018-11-04,8416,VALÈNCIA,VALENCIA,11,"14,2","0,0","8,0","20,5","6,4",02
705,2018-11-05,8416,VALÈNCIA,VALENCIA,11,"12,4","0,2","9,5","15,4","0,0",02
706,2018-11-06,8416,VALÈNCIA,VALENCIA,11,"16,0","0,0","12,1","20,0","9,3",02
707,2018-11-07,8416,VALÈNCIA,VALENCIA,11,"17,2","0,0","11,6","22,7","6,8",02
708,2018-11-08,8416,VALÈNCIA,VALENCIA,11,"16,1","4,0","11,8","20,4","5,4",02
709,2018-11-09,8416,VALÈNCIA,VALENCIA,11,"16,6","0,0","12,6","20,5","4,1",02
710,2018-11-10,8416,VALÈNCIA,VALENCIA,11,"16,2","0,1","13,9","18,5","0,8",02
711,2018-11-11,8416,VALÈNCIA,VALENCIA,11,"19,9","0,0","14,3","25,5","7,2",02
712,2018-11-12,8416,VALÈNCIA,VALENCIA,11,"16,4","0,0","12,5","20,3","2,0",02
713,2018-11-13,8416,VALÈNCIA,VALENCIA,11,"17,4","1,6","14,5","20,2","0,6",02
714,2018-11-14,8416,VALÈNCIA,VALENCIA,11,"17,8","2,6","16,0","19,6","0,5",02
715,2018-11-15,8416,VALÈNCIA,VALENCIA,11,"16,9","22,2","16,4","17,4","0,0",02
716,2018-11-16,8416,VALÈNCIA,VALENCIA,11,"16,2","115,3","15,9","16,5","0,0",02
717,2018-11-17,8416,VALÈNCIA,VALENCIA,11,"15,6","15,5","13,7","17,6","0,0",02
718,2018-11-18,8416,VALÈNCIA,VALENCIA,11,"14,8","14,5","13,5","16,2","0,0",02
719,2018-11-19,8416,VALÈNCIA,VALENCIA,11,"14,0","7,0","13,2","14,9","0,0",02
720,2018-11-20,8416,VALÈNCIA,VALENCIA,11,"16,0","3,9","11,6","20,4","6,7",02
721,2018-11-21,8416,VALÈNCIA,VALENCIA,11,"15,7","0,0","12,5","18,9","3,3",02
722,2018-11-22,8416,VALÈNCIA,VALENCIA,11,"14,1","1,1","10,9","17,3","0,0",02
723,2018-11-23,8416,VALÈNCIA,VALENCIA,11,"14,6","2,4","11,4","17,9","0,7",02
724,2018-11-24,8416,VALÈNCIA,VALENCIA,11,"13,0","0,0","6,5","19,6","8,1",02
725,2018-11-25,8416,VALÈNCIA,VALENCIA,11,"16,1","1,3","10,8","21,4","7,8",02
726,2018-11-26,8416,VALÈNCIA,VALENCIA,11,"16,6","0,0","13,4","19,8","8,2",02
727,2018-11-27,8416,VALÈNCIA,VALENCIA,11,"15,8","0,0","10,0","21,6","2,5",02
728,2018-11-28,8416,VALÈNCIA,VALENCIA,11,"15,4","0,0","9,4","21,4","8,7",02
729,2018-11-29,8416,VALÈNCIA,VALENCIA,11,"12,6","0,0","6,4","18,9","8,7",02
730,2018-11-30,8416,VALÈNCIA,VALENCIA,11,"14,4","0,0","8,9","19,9","7,6",02
731,2018-12-01,8416,VALÈNCIA,VALENCIA,11,"13,8","0,1","7,7","20,0","6,7",02
732,2018-12-02,8416,VALÈNCIA,VALENCIA,11,"15,9","0,0","9,2","22,6","8,2",02
733,2018-12-03,8416,VALÈNCIA,VALENCIA,11,"15,8","0,0","9,5","22,1","8,0",02
734,2018-12-04,8416,VALÈNCIA,VALENCIA,11,"18,2","0,0","12,0","24,3","1,7",02
735,2018-12-05,8416,VALÈNCIA,VALENCIA,11,"14,7","0,0","9,4","20,0","7,8",02
736,2018-12-06,8416,VALÈNCIA,VALENCIA,11,"15,6","0,0","9,2","22,1","8,8",02
737,2018-12-07,8416,VALÈNCIA,VALENCIA,11,"15,0","0,0","9,3","20,6","8,7",02
738,2018-12-08,8416,VALÈNCIA,VALENCIA,11,"14,2","0,0","9,2","19,3","6,4",02
739,2018-12-09,8416,VALÈNCIA,VALENCIA,11,"16,0","0,0","8,0","24,0","7,3",02
740,2018-12-10,8416,VALÈNCIA,VALENCIA,11,"13,8","0,0","9,2","18,4","7,3",02
741,2018-12-11,8416,VALÈNCIA,VALENCIA,11,"13,0","0,0","8,0","18,0","1,5",02
742,2018-12-12,8416,VALÈNCIA,VALENCIA,11,"13,7","1,4","7,3","20,1","8,3",02
743,2018-12-13,8416,VALÈNCIA,VALENCIA,11,"12,2","9,7","9,2","15,1","0,0",02
744,2018-12-14,8416,VALÈNCIA,VALENCIA,11,"15,5","0,0","12,5","18,5","5,2",02
745,2018-12-15,8416,VALÈNCIA,VALENCIA,11,"14,7","0,0","10,0","19,4","5,5",02
746,2018-12-16,8416,VALÈNCIA,VALENCIA,11,"16,0","0,0","12,7","19,4","4,8",02
747,2018-12-17,8416,VALÈNCIA,VALENCIA,11,"13,2","0,0","8,8","17,5","5,3",02
748,2018-12-18,8416,VALÈNCIA,VALENCIA,11,"11,0","0,0","6,3","15,8","4,5",02
749,2018-12-19,8416,VALÈNCIA,VALENCIA,11,"15,4","0,0","11,4","19,4","6,1",02
750,2018-12-20,8416,VALÈNCIA,VALENCIA,11,"14,4","0,0","9,3","19,5","4,4",02
751,2018-12-21,8416,VALÈNCIA,VALENCIA,11,"12,8","0,0","8,2","17,3","7,7",02
752,2018-12-22,8416,VALÈNCIA,VALENCIA,11,"14,8","0,0","9,6","20,1","7,8",02
753,2018-12-23,8416,VALÈNCIA,VALENCIA,11,"14,8","0,0","9,2","20,5","8,1",02
754,2018-12-24,8416,VALÈNCIA,VALENCIA,11,"12,8","0,0","6,9","18,6","8,0",02
755,2018-12-25,8416,VALÈNCIA,VALENCIA,11,"10,7","0,0","6,0","15,4","1,3",02
756,2018-12-26,8416,VALÈNCIA,VALENCIA,11,"12,4","0,0","7,4","17,5","0,2",02
757,2018-12-27,8416,VALÈNCIA,VALENCIA,11,"13,8","0,0","9,5","18,0","5,2",02
758,2018-12-28,8416,VALÈNCIA,VALENCIA,11,"12,6","0,0","9,9","15,2","1,3",02
759,2018-12-29,8416,VALÈNCIA,VALENCIA,11,"11,8","0,0","6,6","17,1","8,3",02
760,2018-12-30,8416,VALÈNCIA,VALENCIA,11,"12,0","0,0","5,3","18,8","8,6",02
761,2018-12-31,8416,VALÈNCIA,VALENCIA,11,"12,8","0,0","5,2","20,3","8,7",02
762,2019-01-01,8416,VALÈNCIA,VALENCIA,11,"11,9","0,0","5,8","18,0","6,0",02
763,2019-01-02,8416,VALÈNCIA,VALENCIA,11,"12,0","0,0","5,2","18,8","8,7",02
764,2019-01-03,8416,VALÈNCIA,VALENCIA,11,"10,5","0,0","4,4","16,6","7,7",02
765,2019-01-04,8416,VALÈNCIA,VALENCIA,11,"10,2","0,0","4,4","16,1","8,4",02
766,2019-01-05,8416,VALÈNCIA,VALENCIA,11,"12,4","0,0","6,1","18,7","8,7",02
767,2019-01-06,8416,VALÈNCIA,VALENCIA,11,"13,2","0,0","5,4","20,9","8,7",02
768,2019-01-07,8416,VALÈNCIA,VALENCIA,11,"11,3","0,0","5,0","17,6","6,8",02
769,2019-01-08,8416,VALÈNCIA,VALENCIA,11,"11,7","0,0","5,6","17,8","8,7",02
770,2019-01-09,8416,VALÈNCIA,VALENCIA,11,"12,6","0,0","4,8","20,4","8,7",02
771,2019-01-10,8416,VALÈNCIA,VALENCIA,11,"10,0","0,0","5,0","15,0","7,7",02
772,2019-01-11,8416,VALÈNCIA,VALENCIA,11,"7,2","0,0","1,7","12,6","8,7",02
773,2019-01-12,8416,VALÈNCIA,VALENCIA,11,"8,9","0,0","2,6","15,2","8,7",02
774,2019-01-13,8416,VALÈNCIA,VALENCIA,11,"10,6","0,0","4,0","17,1","2,9",02
775,2019-01-14,8416,VALÈNCIA,VALENCIA,11,"13,3","0,0","6,0","20,6","8,8",02
776,2019-01-15,8416,VALÈNCIA,VALENCIA,11,"11,5","0,0","5,2","17,8","8,8",02
777,2019-01-16,8416,VALÈNCIA,VALENCIA,11,"10,6","0,0","4,6","16,6","8,5",02
778,2019-01-17,8416,VALÈNCIA,VALENCIA,11,"9,8","0,0","5,5","14,0","0,0",02
779,2019-01-18,8416,VALÈNCIA,VALENCIA,11,"9,9","0,0","4,8","15,0","4,6",02
780,2019-01-19,8416,VALÈNCIA,VALENCIA,11,"10,5",Ip,"5,4","15,6","3,8",02
781,2019-01-20,8416,VALÈNCIA,VALENCIA,11,"13,0","0,7","10,5","15,4","3,1",02
782,2019-01-21,8416,VALÈNCIA,VALENCIA,11,"10,8","0,0","5,0","16,6","7,4",02
783,2019-01-22,8416,VALÈNCIA,VALENCIA,11,"9,8","0,0","4,4","15,2","4,4",02
784,2019-01-23,8416,VALÈNCIA,VALENCIA,11,"14,6","0,0","9,5","19,8","5,5",02
785,2019-01-24,8416,VALÈNCIA,VALENCIA,11,"13,4","0,0","11,5","15,3","1,9",02
786,2019-01-25,8416,VALÈNCIA,VALENCIA,11,"17,0","0,0","12,3","21,8","8,8",02
787,2019-01-26,8416,VALÈNCIA,VALENCIA,11,"13,7","0,0","8,3","19,1","8,1",02
788,2019-01-27,8416,VALÈNCIA,VALENCIA,11,"14,6","0,0","8,9","20,3","7,3",02
789,2019-01-28,8416,VALÈNCIA,VALENCIA,11,"14,4","0,0","8,3","20,4","8,9",02
790,2019-01-29,8416,VALÈNCIA,VALENCIA,11,"12,6","0,0","8,0","17,3","4,3",02
791,2019-01-30,8416,VALÈNCIA,VALENCIA,11,"13,6","0,0","8,5","18,8","7,7",02
792,2019-01-31,8416,VALÈNCIA,VALENCIA,11,"16,9","0,0","12,7","21,1","3,0",02
793,2019-02-01,8416,VALÈNCIA,VALENCIA,11,"17,6","0,0","16,5","18,7","7,1",02
794,2019-02-02,8416,VALÈNCIA,VALENCIA,11,"13,4","0,0","9,8","17,1","6,1",02
795,2019-02-03,8416,VALÈNCIA,VALENCIA,11,"10,6","0,0","7,7","13,6","9,3",02
796,2019-02-04,8416,VALÈNCIA,VALENCIA,11,"10,6","0,0","4,1","17,2","9,3",02
797,2019-02-05,8416,VALÈNCIA,VALENCIA,11,"14,6","0,0","7,5","21,6","9,2",02
798,2019-02-06,8416,VALÈNCIA,VALENCIA,11,"14,6","0,0","8,8","20,4","7,2",02
799,2019-02-07,8416,VALÈNCIA,VALENCIA,11,"15,0","0,0","7,3","22,8","8,0",02
800,2019-02-08,8416,VALÈNCIA,VALENCIA,11,"12,2","0,0","7,1","17,4","8,9",02
801,2019-02-09,8416,VALÈNCIA,VALENCIA,11,"13,2","0,0","5,9","20,4","7,6",02
802,2019-02-10,8416,VALÈNCIA,VALENCIA,11,"14,0","0,0","8,7","19,3","3,7",02
803,2019-02-11,8416,VALÈNCIA,VALENCIA,11,"14,6","0,0","9,8","19,5","7,0",02
804,2019-02-12,8416,VALÈNCIA,VALENCIA,11,"11,2","0,0","5,5","17,0","8,6",02
805,2019-02-13,8416,VALÈNCIA,VALENCIA,11,"10,6","0,0","4,8","16,5","9,6",02
806,2019-02-14,8416,VALÈNCIA,VALENCIA,11,"11,8","0,0","8,5","15,2","4,4",02
807,2019-02-15,8416,VALÈNCIA,VALENCIA,11,"10,9","0,0","6,4","15,4","3,4",02
808,2019-02-16,8416,VALÈNCIA,VALENCIA,11,"11,2","0,0","5,5","16,8","9,6",02
809,2019-02-17,8416,VALÈNCIA,VALENCIA,11,"10,0","0,0","4,0","16,1","3,5",02
810,2019-02-18,8416,VALÈNCIA,VALENCIA,11,"11,9","0,0","6,9","16,9","6,2",02
811,2019-02-19,8416,VALÈNCIA,VALENCIA,11,"11,4","0,0","6,1","16,6","9,3",02
812,2019-02-20,8416,VALÈNCIA,VALENCIA,11,"11,8","0,0","6,7","17,0","8,4",02
813,2019-02-21,8416,VALÈNCIA,VALENCIA,11,"12,0","0,0","7,4","16,6","9,1",02
814,2019-02-22,8416,VALÈNCIA,VALENCIA,11,"14,1","0,0","5,7","22,5","9,5",02
815,2019-02-23,8416,VALÈNCIA,VALENCIA,11,"15,3","0,0","8,9","21,7","9,5",02
816,2019-02-24,8416,VALÈNCIA,VALENCIA,11,"12,4","0,0","7,3","17,5","6,6",02
817,2019-02-25,8416,VALÈNCIA,VALENCIA,11,"12,2","0,0","5,7","18,6","8,8",02
818,2019-02-26,8416,VALÈNCIA,VALENCIA,11,"14,6","0,0","6,6","22,6","10,1",02
819,2019-02-27,8416,VALÈNCIA,VALENCIA,11,"15,8","0,0","6,2","25,4","10,1",02
820,2019-02-28,8416,VALÈNCIA,VALENCIA,11,"15,9","0,0","8,2","23,6","9,5",02
821,2019-03-01,8416,VALÈNCIA,VALENCIA,11,"15,3","0,0","8,9","21,7","9,4",02
822,2019-03-02,8416,VALÈNCIA,VALENCIA,11,"15,9","0,0","9,0","22,8","9,8",02
823,2019-03-03,8416,VALÈNCIA,VALENCIA,11,"18,0","0,0","10,7","25,3","10,2",02
824,2019-03-04,8416,VALÈNCIA,VALENCIA,11,"19,6","0,0","15,7","23,4","2,6",02
825,2019-03-05,8416,VALÈNCIA,VALENCIA,11,"15,4","0,0","12,7","18,0","1,9",02
826,2019-03-06,8416,VALÈNCIA,VALENCIA,11,"15,0","0,3","10,3","19,7","1,2",02
827,2019-03-07,8416,VALÈNCIA,VALENCIA,11,"16,8","0,0","12,3","21,4","9,6",02
828,2019-03-08,8416,VALÈNCIA,VALENCIA,11,"14,2","0,0","8,7","19,7","9,5",02
829,2019-03-09,8416,VALÈNCIA,VALENCIA,11,"16,1","0,0","9,4","22,8","10,5",02
830,2019-03-10,8416,VALÈNCIA,VALENCIA,11,"18,0","0,0","11,4","24,5","10,6",02
831,2019-03-11,8416,VALÈNCIA,VALENCIA,11,"16,0","0,0","11,5","20,5","9,0",02
832,2019-03-12,8416,VALÈNCIA,VALENCIA,11,"13,9","0,0","8,9","18,9","10,4",02
833,2019-03-13,8416,VALÈNCIA,VALENCIA,11,"16,6","0,0","11,3","22,0","9,2",02
834,2019-03-14,8416,VALÈNCIA,VALENCIA,11,"14,6","0,0","8,3","20,8","10,7",02
835,2019-03-15,8416,VALÈNCIA,VALENCIA,11,"15,8","0,0","8,5","23,2","10,6",02
836,2019-03-16,8416,VALÈNCIA,VALENCIA,11,"14,7","0,0","9,6","19,8","10,5",02
837,2019-03-17,8416,VALÈNCIA,VALENCIA,11,"19,6","0,0","9,5","29,8","10,3",02
838,2019-03-18,8416,VALÈNCIA,VALENCIA,11,"15,1","0,0","13,0","17,2","7,0",02
839,2019-03-19,8416,VALÈNCIA,VALENCIA,11,"13,0","3,8","8,9","17,0","7,2",02
840,2019-03-20,8416,VALÈNCIA,VALENCIA,11,"12,8","0,0","9,1","16,6","9,4",02
841,2019-03-21,8416,VALÈNCIA,VALENCIA,11,"12,4","0,0","7,3","17,5","10,5",02
842,2019-03-22,8416,VALÈNCIA,VALENCIA,11,"13,3","0,0","7,6","19,0","9,1",02
843,2019-03-23,8416,VALÈNCIA,VALENCIA,11,"14,2","0,0","9,5","18,9","5,7",02
844,2019-03-24,8416,VALÈNCIA,VALENCIA,11,"16,3","0,0","9,6","23,0","10,1",02
845,2019-03-25,8416,VALÈNCIA,VALENCIA,11,"15,6","0,0","9,4","21,7","10,7",02
846,2019-03-26,8416,VALÈNCIA,VALENCIA,11,"13,8","0,0","8,9","18,7","10,7",02
847,2019-03-27,8416,VALÈNCIA,VALENCIA,11,"13,6","0,0","8,0","19,3","10,9",02
848,2019-03-28,8416,VALÈNCIA,VALENCIA,11,"12,8","0,0","7,4","18,3","10,8",02
849,2019-03-29,8416,VALÈNCIA,VALENCIA,11,"12,4","0,0","7,1","17,8","10,8",02
850,2019-03-30,8416,VALÈNCIA,VALENCIA,11,"12,4","1,5","7,8","17,1","9,4",02
851,2019-03-31,8416,VALÈNCIA,VALENCIA,11,"12,3","15,0","11,3","13,3","0,0",02
852,2019-04-01,8416,VALÈNCIA,VALENCIA,11,"14,1","0,3","11,0","17,2","2,6",02
853,2019-04-02,8416,VALÈNCIA,VALENCIA,11,"15,8","1,3","10,3","21,2","4,8",02
854,2019-04-03,8416,VALÈNCIA,VALENCIA,11,"17,6","0,3","10,8","24,4","9,0",02
855,2019-04-04,8416,VALÈNCIA,VALENCIA,11,"14,6","0,0","9,8","19,5","10,3",02
856,2019-04-05,8416,VALÈNCIA,VALENCIA,11,"14,4","5,6","9,3","19,4","5,8",02
857,2019-04-06,8416,VALÈNCIA,VALENCIA,11,"13,5","1,1","9,5","17,5","5,9",02
858,2019-04-07,8416,VALÈNCIA,VALENCIA,11,"15,4","0,0","10,0","20,7","8,6",02
859,2019-04-08,8416,VALÈNCIA,VALENCIA,11,"18,9","0,0","13,8","24,0","5,3",02
860,2019-04-09,8416,VALÈNCIA,VALENCIA,11,"17,3","0,2","13,0","21,6","9,5",02
861,2019-04-10,8416,VALÈNCIA,VALENCIA,11,"15,9","1,2","10,9","20,9","6,4",02
862,2019-04-11,8416,VALÈNCIA,VALENCIA,11,"16,5","0,0","10,6","22,4","10,9",02
863,2019-04-12,8416,VALÈNCIA,VALENCIA,11,"15,8","0,0","10,6","20,9","11,1",02
864,2019-04-13,8416,VALÈNCIA,VALENCIA,11,"15,3","0,0","9,4","21,2","11,2",02
865,2019-04-14,8416,VALÈNCIA,VALENCIA,11,"20,6","0,0","10,7","30,4","11,2",02
866,2019-04-15,8416,VALÈNCIA,VALENCIA,11,"16,8","0,0","13,8","19,9","5,6",02
867,2019-04-16,8416,VALÈNCIA,VALENCIA,11,"15,8","0,0","12,0","19,6","10,7",02
868,2019-04-17,8416,VALÈNCIA,VALENCIA,11,"16,9","0,0","13,8","20,0","9,0",02
869,2019-04-18,8416,VALÈNCIA,VALENCIA,11,"14,6","33,8","13,5","15,7","0,0",02
870,2019-04-19,8416,VALÈNCIA,VALENCIA,11,"14,0","11,1","12,4","15,7","0,0",02
871,2019-04-20,8416,VALÈNCIA,VALENCIA,11,"15,5","2,7","14,4","16,6","0,0",02
872,2019-04-21,8416,VALÈNCIA,VALENCIA,11,"15,4","2,5","14,4","16,3","0,0",02
873,2019-04-22,8416,VALÈNCIA,VALENCIA,11,"14,8","3,6","12,4","17,2","0,0",02
874,2019-04-23,8416,VALÈNCIA,VALENCIA,11,"17,0","0,9","11,3","22,6","0,0",02
875,2019-04-24,8416,VALÈNCIA,VALENCIA,11,"16,5","0,0","10,9","22,1","10,6",02
876,2019-04-25,8416,VALÈNCIA,VALENCIA,11,"18,7",Ip,"14,9","22,5","4,8",02
877,2019-04-26,8416,VALÈNCIA,VALENCIA,11,"17,6","0,0","12,0","23,2","11,6",02
878,2019-04-27,8416,VALÈNCIA,VALENCIA,11,"16,0","0,0","10,9","21,0","11,6",02
879,2019-04-28,8416,VALÈNCIA,VALENCIA,11,"16,0","0,0","11,6","20,5","11,4",02
880,2019-04-29,8416,VALÈNCIA,VALENCIA,11,"15,7","0,0","11,8","19,6","5,2",02
881,2019-04-30,8416,VALÈNCIA,VALENCIA,11,"16,2","0,0","12,5","19,8","10,7",02
882,2019-05-01,8416,VALÈNCIA,VALENCIA,11,"16,4","3,2","12,7","20,2","8,5",02
883,2019-05-02,8416,VALÈNCIA,VALENCIA,11,"17,6",Ip,"14,5","20,6","5,6",02
884,2019-05-03,8416,VALÈNCIA,VALENCIA,11,"15,8","2,6","12,1","19,5","3,4",02
885,2019-05-04,8416,VALÈNCIA,VALENCIA,11,"14,6","0,0","9,0","20,2","11,7",02
886,2019-05-05,8416,VALÈNCIA,VALENCIA,11,"16,0","0,0","12,5","19,5","11,6",02
887,2019-05-06,8416,VALÈNCIA,VALENCIA,11,"14,7","0,0","10,5","18,9","9,4",02
888,2019-05-07,8416,VALÈNCIA,VALENCIA,11,"16,6","0,0","12,3","20,8","10,3",02
889,2019-05-08,8416,VALÈNCIA,VALENCIA,11,"22,4","0,0","15,4","29,4","5,6",02
890,2019-05-09,8416,VALÈNCIA,VALENCIA,11,"24,6","0,0","19,5","29,6","5,7",02
891,2019-05-10,8416,VALÈNCIA,VALENCIA,11,"26,8","0,0","21,2","32,5","11,6",02
892,2019-05-11,8416,VALÈNCIA,VALENCIA,11,"20,8","0,0","17,5","24,1","11,7",02
893,2019-05-12,8416,VALÈNCIA,VALENCIA,11,"18,5","0,0","14,9","22,1","11,7",02
894,2019-05-13,8416,VALÈNCIA,VALENCIA,11,"19,8","0,0","16,0","23,6","11,2",02
895,2019-05-14,8416,VALÈNCIA,VALENCIA,11,"18,5","0,0","13,7","23,3","11,6",02
896,2019-05-15,8416,VALÈNCIA,VALENCIA,11,"18,4","0,0","14,5","22,4","10,1",02
897,2019-05-16,8416,VALÈNCIA,VALENCIA,11,"19,3","0,0","16,5","22,1","9,4",02
898,2019-05-17,8416,VALÈNCIA,VALENCIA,11,"20,0","0,0","15,1","24,8","9,0",02
899,2019-05-18,8416,VALÈNCIA,VALENCIA,11,"16,6","1,4","13,7","19,5","2,0",02
900,2019-05-19,8416,VALÈNCIA,VALENCIA,11,"19,5","0,5","13,0","26,0","4,9",02
901,2019-05-20,8416,VALÈNCIA,VALENCIA,11,"17,6","0,2","13,4","21,8","10,6",02
902,2019-05-21,8416,VALÈNCIA,VALENCIA,11,"19,2","5,6","15,8","22,6","4,9",02
903,2019-05-22,8416,VALÈNCIA,VALENCIA,11,"18,2","0,1","13,5","23,0","11,0",02
904,2019-05-23,8416,VALÈNCIA,VALENCIA,11,"19,7","0,8","14,9","24,5","7,9",02
905,2019-05-24,8416,VALÈNCIA,VALENCIA,11,"17,0","8,3","15,9","18,0","0,0",02
906,2019-05-25,8416,VALÈNCIA,VALENCIA,11,"19,4","0,1","15,3","23,5","6,7",02
907,2019-05-26,8416,VALÈNCIA,VALENCIA,11,"19,2","0,0","15,3","23,2","11,5",02
908,2019-05-27,8416,VALÈNCIA,VALENCIA,11,"19,4","0,0","15,3","23,4","10,6",02
909,2019-05-28,8416,VALÈNCIA,VALENCIA,11,"19,0","0,0","16,0","22,0","11,4",02
910,2019-05-29,8416,VALÈNCIA,VALENCIA,11,"19,5","0,0","15,2","23,8","11,4",02
911,2019-05-30,8416,VALÈNCIA,VALENCIA,11,"19,1","0,0","14,2","24,0","11,4",02
912,2019-05-31,8416,VALÈNCIA,VALENCIA,11,"20,1","0,0","14,8","25,4","11,4",02
913,2019-06-01,8416,VALÈNCIA,VALENCIA,11,"20,0","0,0","15,5","24,5","11,3",02
914,2019-06-02,8416,VALÈNCIA,VALENCIA,11,"20,2","0,0","15,0","25,5","11,3",02
915,2019-06-03,8416,VALÈNCIA,VALENCIA,11,"20,8","0,0","16,5","25,1","10,8",02
916,2019-06-04,8416,VALÈNCIA,VALENCIA,11,"20,5","0,0","16,5","24,5","10,2",02
917,2019-06-05,8416,VALÈNCIA,VALENCIA,11,"23,3","0,0","17,3","29,3","9,8",02
918,2019-06-06,8416,VALÈNCIA,VALENCIA,11,"20,2","0,0","16,3","24,0","10,5",02
919,2019-06-07,8416,VALÈNCIA,VALENCIA,11,"23,6","0,0","17,0","30,1","11,4",02
920,2019-06-08,8416,VALÈNCIA,VALENCIA,11,"21,2","0,0","18,4","23,9","9,5",02
921,2019-06-09,8416,VALÈNCIA,VALENCIA,11,"22,0","0,0","17,8","26,1","2,5",02
922,2019-06-10,8416,VALÈNCIA,VALENCIA,11,"20,5","0,0","15,8","25,2","10,8",02
923,2019-06-11,8416,VALÈNCIA,VALENCIA,11,"21,1","0,0","18,5","23,7","3,7",02
924,2019-06-12,8416,VALÈNCIA,VALENCIA,11,"17,5","0,0","13,2","21,8","11,3",02
925,2019-06-13,8416,VALÈNCIA,VALENCIA,11,"20,6","0,0","18,1","23,2","7,1",02
926,2019-06-14,8416,VALÈNCIA,VALENCIA,11,"23,7","0,0","18,2","29,2","10,5",02
927,2019-06-15,8416,VALÈNCIA,VALENCIA,11,"26,4","0,0","20,9","31,8","11,3",02
928,2019-06-16,8416,VALÈNCIA,VALENCIA,11,"21,2","0,0","18,5","23,8","5,0",02
929,2019-06-17,8416,VALÈNCIA,VALENCIA,11,"21,6","0,0","17,2","26,1","11,2",02
930,2019-06-18,8416,VALÈNCIA,VALENCIA,11,"22,0","0,0","17,7","26,2","11,3",02
931,2019-06-19,8416,VALÈNCIA,VALENCIA,11,"22,2","0,0","18,2","26,1","11,2",02
932,2019-06-20,8416,VALÈNCIA,VALENCIA,11,"22,6","0,0","19,6","25,6","10,6",02
933,2019-06-21,8416,VALÈNCIA,VALENCIA,11,"23,8","0,0","21,5","26,1","10,4",02
934,2019-06-22,8416,VALÈNCIA,VALENCIA,11,"22,6","0,0","19,2","25,9","9,9",02
935,2019-06-23,8416,VALÈNCIA,VALENCIA,11,"23,2","0,0","19,5","27,0","11,2",02
936,2019-06-24,8416,VALÈNCIA,VALENCIA,11,"23,2","0,0","19,4","26,9","11,3",02
937,2019-06-25,8416,VALÈNCIA,VALENCIA,11,"24,0","0,0","20,5","27,4","6,3",02
938,2019-06-26,8416,VALÈNCIA,VALENCIA,11,"25,6","0,0","22,6","28,5","9,2",02
939,2019-06-27,8416,VALÈNCIA,VALENCIA,11,"25,4","0,0","21,0","29,8","10,9",02
940,2019-06-28,8416,VALÈNCIA,VALENCIA,11,"28,0","0,0","21,4","34,6","11,2",02
941,2019-06-29,8416,VALÈNCIA,VALENCIA,11,"28,4","0,0","21,3","35,5","11,4",02
942,2019-06-30,8416,VALÈNCIA,VALENCIA,11,"26,8","0,0","21,4","32,3","11,4",02
943,2019-07-01,8416,VALÈNCIA,VALENCIA,11,"25,6","0,0","21,8","29,4","10,8",02
944,2019-07-02,8416,VALÈNCIA,VALENCIA,11,"26,8","0,0","24,1","29,5","11,1",02
945,2019-07-03,8416,VALÈNCIA,VALENCIA,11,"26,2","0,0","21,3","31,0","11,1",02
946,2019-07-04,8416,VALÈNCIA,VALENCIA,11,"26,4","0,0","21,3","31,5","10,3",02
947,2019-07-05,8416,VALÈNCIA,VALENCIA,11,"26,4","0,0","22,4","30,5","11,0",02
948,2019-07-06,8416,VALÈNCIA,VALENCIA,11,"27,6","0,0","24,0","31,2","7,0",02
949,2019-07-07,8416,VALÈNCIA,VALENCIA,11,"31,1","2,6","24,4","37,8","6,0",02
950,2019-07-08,8416,VALÈNCIA,VALENCIA,11,"26,0","3,9","23,5","28,5","3,7",02
951,2019-07-09,8416,VALÈNCIA,VALENCIA,11,"27,2","0,0","22,8","31,5","10,4",02
952,2019-07-10,8416,VALÈNCIA,VALENCIA,11,"25,5","0,0","22,0","29,0","10,3",02
953,2019-07-11,8416,VALÈNCIA,VALENCIA,11,"26,6","0,0","22,3","31,0","11,2",02
954,2019-07-12,8416,VALÈNCIA,VALENCIA,11,"27,6","0,0","22,7","32,5","9,7",02
955,2019-07-13,8416,VALÈNCIA,VALENCIA,11,"27,6","0,3","24,8","30,4","9,5",02
956,2019-07-14,8416,VALÈNCIA,VALENCIA,11,"26,0","0,0","22,4","29,7","10,7",02
957,2019-07-15,8416,VALÈNCIA,VALENCIA,11,"26,9","0,0","23,3","30,5","11,4",02
958,2019-07-16,8416,VALÈNCIA,VALENCIA,11,"26,5","0,0","24,0","29,0","11,1",02
959,2019-07-17,8416,VALÈNCIA,VALENCIA,11,"26,6","0,0","23,2","30,1","9,0",02
960,2019-07-18,8416,VALÈNCIA,VALENCIA,11,"26,0","0,0","22,6","29,4","11,4",02
961,2019-07-19,8416,VALÈNCIA,VALENCIA,11,"26,0","0,0","22,7","29,4","11,2",02
962,2019-07-20,8416,VALÈNCIA,VALENCIA,11,"26,4","0,0","22,4","30,4","10,8",02
963,2019-07-21,8416,VALÈNCIA,VALENCIA,11,"26,4","0,0","22,4","30,5","10,1",02
964,2019-07-22,8416,VALÈNCIA,VALENCIA,11,"27,2","0,0","22,5","32,0","11,4",02
965,2019-07-23,8416,VALÈNCIA,VALENCIA,11,"27,9","0,0","22,6","33,2","11,4",02
966,2019-07-24,8416,VALÈNCIA,VALENCIA,11,"28,0","0,0","22,3","33,6","11,6",02
967,2019-07-25,8416,VALÈNCIA,VALENCIA,11,"27,4","0,0","23,4","31,4","11,4",02
968,2019-07-26,8416,VALÈNCIA,VALENCIA,11,"26,6","0,0","23,1","30,0","8,2",02
969,2019-07-27,8416,VALÈNCIA,VALENCIA,11,"29,2","0,0","22,5","36,0","11,3",02
970,2019-07-28,8416,VALÈNCIA,VALENCIA,11,"25,5","0,0","22,2","28,8","11,7",02
971,2019-07-29,8416,VALÈNCIA,VALENCIA,11,"26,8","0,0","22,2","31,4","11,7",02
972,2019-07-30,8416,VALÈNCIA,VALENCIA,11,"26,8","0,0","23,9","29,8","11,7",02
973,2019-07-31,8416,VALÈNCIA,VALENCIA,11,"26,5","0,3","24,2","28,8","5,5",02
974,2019-08-01,8416,VALÈNCIA,VALENCIA,11,"25,5","0,0","22,3","28,7","9,6",02
975,2019-08-02,8416,VALÈNCIA,VALENCIA,11,"26,2","0,0","22,7","29,7","11,4",02
976,2019-08-03,8416,VALÈNCIA,VALENCIA,11,"26,2","0,0","22,5","29,9",,02
977,2019-08-04,8416,VALÈNCIA,VALENCIA,11,"26,8","0,0","22,8","30,7","11,4",02
978,2019-08-05,8416,VALÈNCIA,VALENCIA,11,"26,8","0,0","23,1","30,5","11,0",02
979,2019-08-06,8416,VALÈNCIA,VALENCIA,11,"28,2","0,0","25,5","31,0","7,6",02
980,2019-08-07,8416,VALÈNCIA,VALENCIA,11,"28,6","0,0","24,2","33,0","7,4",02
981,2019-08-08,8416,VALÈNCIA,VALENCIA,11,"30,0","0,0","24,5","35,5","11,6",02
982,2019-08-09,8416,VALÈNCIA,VALENCIA,11,"32,2","0,0","22,9","41,4","11,6",02
983,2019-08-10,8416,VALÈNCIA,VALENCIA,11,"29,4","0,0","26,9","32,0","10,7",02
984,2019-08-11,8416,VALÈNCIA,VALENCIA,11,"29,2","0,0","25,9","32,5","9,9",02
985,2019-08-12,8416,VALÈNCIA,VALENCIA,11,"28,0","0,0","25,5","30,5","7,9",02
986,2019-08-13,8416,VALÈNCIA,VALENCIA,11,"25,8","0,0","23,7","28,0","5,5",02
987,2019-08-14,8416,VALÈNCIA,VALENCIA,11,"26,3","0,0","22,7","29,9","11,3",02
988,2019-08-15,8416,VALÈNCIA,VALENCIA,11,"26,8","0,0","23,1","30,5","11,1",02
989,2019-08-16,8416,VALÈNCIA,VALENCIA,11,"27,1","0,0","24,8","29,4","8,5",02
990,2019-08-17,8416,VALÈNCIA,VALENCIA,11,"26,6","0,0","23,2","30,0","10,8",02
991,2019-08-18,8416,VALÈNCIA,VALENCIA,11,"27,4","0,0","24,0","30,7","10,7",02
992,2019-08-19,8416,VALÈNCIA,VALENCIA,11,"28,3","0,0","25,4","31,2","7,5",02
993,2019-08-20,8416,VALÈNCIA,VALENCIA,11,"28,1","3,8","25,1","31,1","1,7",02
994,2019-08-21,8416,VALÈNCIA,VALENCIA,11,"24,4","1,2","21,9","26,9","2,0",02
995,2019-08-22,8416,VALÈNCIA,VALENCIA,11,"24,5","0,0","19,3","29,7","11,3",02
996,2019-08-23,8416,VALÈNCIA,VALENCIA,11,"25,8","0,0","20,0","31,5","11,3",02
997,2019-08-24,8416,VALÈNCIA,VALENCIA,11,"25,4","0,0","20,5","30,2","11,1",02
998,2019-08-25,8416,VALÈNCIA,VALENCIA,11,"25,6","0,0","21,3","29,9","11,3",02
999,2019-08-26,8416,VALÈNCIA,VALENCIA,11,"26,2","4,3","22,7","29,8","3,9",02
1000,2019-08-27,8416,VALÈNCIA,VALENCIA,11,"24,0","0,9","18,8","29,2","3,9",02
1001,2019-08-28,8416,VALÈNCIA,VALENCIA,11,"24,2","0,0","19,0","29,4","11,2",02
1002,2019-08-29,8416,VALÈNCIA,VALENCIA,11,"26,0","0,0","21,4","30,7","9,8",02
1003,2019-08-30,8416,VALÈNCIA,VALENCIA,11,"26,8","0,0","22,2","31,4","9,9",02
1004,2019-08-31,8416,VALÈNCIA,VALENCIA,11,"27,0","0,0","21,9","32,0","11,2",02
1005,2019-09-01,8416,VALÈNCIA,VALENCIA,11,"26,7","8,4","21,1","32,3","9,9",02
1006,2019-09-02,8416,VALÈNCIA,VALENCIA,11,"24,4","0,0","20,6","28,1","5,6",02
1007,2019-09-03,8416,VALÈNCIA,VALENCIA,11,"26,5","0,0","23,7","29,3","6,5",02
1008,2019-09-04,8416,VALÈNCIA,VALENCIA,11,"26,4","0,0","22,9","29,8","8,0",02
1009,2019-09-05,8416,VALÈNCIA,VALENCIA,11,"25,8","0,0","22,8","28,7","9,2",02
1010,2019-09-06,8416,VALÈNCIA,VALENCIA,11,"23,5","31,5","20,8","26,2","6,0",02
1011,2019-09-07,8416,VALÈNCIA,VALENCIA,11,"22,6","0,0","19,7","25,4","1,8",02
1012,2019-09-08,8416,VALÈNCIA,VALENCIA,11,"23,6","0,0","19,8","27,5","9,1",02
1013,2019-09-09,8416,VALÈNCIA,VALENCIA,11,"25,2","0,0","20,5","29,9","10,3",02
1014,2019-09-10,8416,VALÈNCIA,VALENCIA,11,"24,6","8,0","21,7","27,4","7,9",02
1015,2019-09-11,8416,VALÈNCIA,VALENCIA,11,"19,0","29,3","15,6","22,4","1,5",02
1016,2019-09-12,8416,VALÈNCIA,VALENCIA,11,"22,0","18,5","18,4","25,5","1,5",02
1017,2019-09-13,8416,VALÈNCIA,VALENCIA,11,"22,4","18,1","21,3","23,5","0,0",02
1018,2019-09-14,8416,VALÈNCIA,VALENCIA,11,"21,6","0,0","17,5","25,8","2,6",02
1019,2019-09-15,8416,VALÈNCIA,VALENCIA,11,"24,4","0,0","22,5","26,2","2,4",02
1020,2019-09-16,8416,VALÈNCIA,VALENCIA,11,"25,0","0,0","22,3","27,8","9,0",02
1021,2019-09-17,8416,VALÈNCIA,VALENCIA,11,"24,8","0,0","20,5","29,0","7,7",02
1022,2019-09-18,8416,VALÈNCIA,VALENCIA,11,"25,0","0,0","20,4","29,5","10,5",02
1023,2019-09-19,8416,VALÈNCIA,VALENCIA,11,"23,3","0,0","19,6","27,0","8,2",02
1024,2019-09-20,8416,VALÈNCIA,VALENCIA,11,"23,8","0,0","21,0","26,7",,02
1025,2019-09-21,8416,VALÈNCIA,VALENCIA,11,"25,4","0,0","21,8","28,9","5,8",02
1026,2019-09-22,8416,VALÈNCIA,VALENCIA,11,"26,8","0,0","22,0","31,5","9,6",02
1027,2019-09-23,8416,VALÈNCIA,VALENCIA,11,"23,4","0,0","19,4","27,3","8,4",02
1028,2019-09-24,8416,VALÈNCIA,VALENCIA,11,"26,4","0,0","18,3","34,5","4,6",02
1029,2019-09-25,8416,VALÈNCIA,VALENCIA,11,"25,2","0,0","22,0","28,4","9,7",02
1030,2019-09-26,8416,VALÈNCIA,VALENCIA,11,"23,6","0,0","19,8","27,5","10,0",02
1031,2019-09-27,8416,VALÈNCIA,VALENCIA,11,"24,9","0,0","20,5","29,3","10,1",02
1032,2019-09-28,8416,VALÈNCIA,VALENCIA,11,"24,0","0,0","19,4","28,5","9,7",02
1033,2019-09-29,8416,VALÈNCIA,VALENCIA,11,"24,5","0,0","19,5","29,5","10,2",02
1034,2019-09-30,8416,VALÈNCIA,VALENCIA,11,"22,5","0,0","17,3","27,7","8,4",02
1035,2019-10-01,8416,VALÈNCIA,VALENCIA,11,"27,2","0,0","19,5","35,0","9,5",02
1036,2019-10-02,8416,VALÈNCIA,VALENCIA,11,"24,4","0,0","18,7","30,0","9,6",02
1037,2019-10-03,8416,VALÈNCIA,VALENCIA,11,"21,8","0,0","17,1","26,5","7,3",02
1038,2019-10-04,8416,VALÈNCIA,VALENCIA,11,"22,9","0,0","16,6","29,2","10,3",02
1039,2019-10-05,8416,VALÈNCIA,VALENCIA,11,"22,4","0,0","17,4","27,5","10,2",02
1040,2019-10-06,8416,VALÈNCIA,VALENCIA,11,"22,8","0,0","17,9","27,6","9,3",02
1041,2019-10-07,8416,VALÈNCIA,VALENCIA,11,"23,0","0,0","18,5","27,6","8,3",02
1042,2019-10-08,8416,VALÈNCIA,VALENCIA,11,"22,2","0,0","17,2","27,1","10,1",02
1043,2019-10-09,8416,VALÈNCIA,VALENCIA,11,"22,6","0,0","18,1","27,0","9,1",02
1044,2019-10-10,8416,VALÈNCIA,VALENCIA,11,"21,6","0,0","20,0","23,1","0,0",02
1045,2019-10-11,8416,VALÈNCIA,VALENCIA,11,"23,5","0,0","20,5","26,5","8,6",02
1046,2019-10-12,8416,VALÈNCIA,VALENCIA,11,"23,9","0,0","20,7","27,1","3,0",02
1047,2019-10-13,8416,VALÈNCIA,VALENCIA,11,"23,0","0,0","19,1","26,8","7,3",02
1048,2019-10-14,8416,VALÈNCIA,VALENCIA,11,"22,0","0,5","19,5","24,4","2,6",02
1049,2019-10-15,8416,VALÈNCIA,VALENCIA,11,"19,7","0,0","15,0","24,4","9,9",02
1050,2019-10-16,8416,VALÈNCIA,VALENCIA,11,"20,0","0,0","13,4","26,5","9,2",02
1051,2019-10-17,8416,VALÈNCIA,VALENCIA,11,"22,2","0,0","15,2","29,3","7,2",02
1052,2019-10-18,8416,VALÈNCIA,VALENCIA,11,"24,2","0,0","18,6","29,7","7,7",02
1053,2019-10-19,8416,VALÈNCIA,VALENCIA,11,"24,4","2,0","19,7","29,0","9,3",02
1054,2019-10-20,8416,VALÈNCIA,VALENCIA,11,"18,4","1,5","16,5","20,2","1,8",02
1055,2019-10-21,8416,VALÈNCIA,VALENCIA,11,"17,4","12,5","12,5","22,3","5,4",02
1056,2019-10-22,8416,VALÈNCIA,VALENCIA,11,"14,0","10,5","13,7","14,4","0,0",02
1057,2019-10-23,8416,VALÈNCIA,VALENCIA,11,"16,3","0,0","12,2","20,4","8,7",02
1058,2019-10-24,8416,VALÈNCIA,VALENCIA,11,"18,0","0,0","12,0","24,1","9,7",02
1059,2019-10-25,8416,VALÈNCIA,VALENCIA,11,"19,0","0,0","12,9","25,0","9,7",02
1060,2019-10-26,8416,VALÈNCIA,VALENCIA,11,"18,0","0,0","12,4","23,5","9,6",02
1061,2019-10-27,8416,VALÈNCIA,VALENCIA,11,"19,0","0,0","14,3","23,6","9,6",02
1062,2019-10-28,8416,VALÈNCIA,VALENCIA,11,"18,0","0,0","14,1","22,0","1,8",02
1063,2019-10-29,8416,VALÈNCIA,VALENCIA,11,"19,0","0,0","13,6","24,5",,02
1064,2019-10-30,8416,VALÈNCIA,VALENCIA,11,"20,4","0,0","14,5","26,4","8,0",02
1065,2019-10-31,8416,VALÈNCIA,VALENCIA,11,"23,2","0,0","17,7","28,6","7,7",02
1066,2019-11-01,8416,VALÈNCIA,VALENCIA,11,"23,8","0,0","17,5","30,1","7,5",02
1067,2019-11-02,8416,VALÈNCIA,VALENCIA,11,"24,8","0,0","21,6","28,0","5,7",02
1068,2019-11-03,8416,VALÈNCIA,VALENCIA,11,"22,8","0,0","20,0","25,5","7,6",02
1069,2019-11-04,8416,VALÈNCIA,VALENCIA,11,"21,4","0,0","18,0","24,7","6,9",02
1070,2019-11-05,8416,VALÈNCIA,VALENCIA,11,"18,2","0,0","15,1","21,3","9,2",02
1071,2019-11-06,8416,VALÈNCIA,VALENCIA,11,"17,6","0,0","12,3","23,0","9,1",02
1072,2019-11-07,8416,VALÈNCIA,VALENCIA,11,"18,0","0,0","12,9","23,1","7,6",02
1073,2019-11-08,8416,VALÈNCIA,VALENCIA,11,"14,8","0,0","10,8","18,7","7,1",02
1074,2019-11-09,8416,VALÈNCIA,VALENCIA,11,"16,6","0,0","12,8","20,5","6,3",02
1075,2019-11-10,8416,VALÈNCIA,VALENCIA,11,"15,2","0,0","11,5","18,9","4,5",02
1076,2019-11-11,8416,VALÈNCIA,VALENCIA,11,"14,8","0,0","9,4","20,1","3,8",02
1077,2019-11-12,8416,VALÈNCIA,VALENCIA,11,"17,0","0,0","12,5","21,4","8,4",02
1078,2019-11-13,8416,VALÈNCIA,VALENCIA,11,"16,2","0,9","13,2","19,2","5,1",02
1079,2019-11-14,8416,VALÈNCIA,VALENCIA,11,"14,6","0,0","12,0","17,3","1,9",02
1080,2019-11-15,8416,VALÈNCIA,VALENCIA,11,"12,8","0,0","8,2","17,5","7,2",02
1081,2019-11-16,8416,VALÈNCIA,VALENCIA,11,"12,5","0,0","7,3","17,7","8,5",02
1082,2019-11-17,8416,VALÈNCIA,VALENCIA,11,"11,4","0,3","6,6","16,3","3,0",02
1083,2019-11-18,8416,VALÈNCIA,VALENCIA,11,"13,6","0,0","10,5","16,8","5,4",02
1084,2019-11-19,8416,VALÈNCIA,VALENCIA,11,"12,0","0,0","6,0","18,1","8,1",02
1085,2019-11-20,8416,VALÈNCIA,VALENCIA,11,"13,2","1,1","8,1","18,2","7,7",02
1086,2019-11-21,8416,VALÈNCIA,VALENCIA,11,"12,8","0,0","7,5","18,2","1,9",02
1087,2019-11-22,8416,VALÈNCIA,VALENCIA,11,"13,7","1,4","10,5","16,9","0,1",02
1088,2019-11-23,8416,VALÈNCIA,VALENCIA,11,"15,7","0,1","12,4","19,0","3,4",02
1089,2019-11-24,8416,VALÈNCIA,VALENCIA,11,"15,2","0,0","10,0","20,4","8,2",02
1090,2019-11-25,8416,VALÈNCIA,VALENCIA,11,"18,2","0,0","13,1","23,4","8,2",02
1091,2019-11-26,8416,VALÈNCIA,VALENCIA,11,"19,0","0,0","13,8","24,1","8,4",02
1092,2019-11-27,8416,VALÈNCIA,VALENCIA,11,"19,8","0,0","17,4","22,1","8,7",02
1093,2019-11-28,8416,VALÈNCIA,VALENCIA,11,"17,3","0,0","14,4","20,2","5,3",02
1094,2019-11-29,8416,VALÈNCIA,VALENCIA,11,"19,3","0,0","15,8","22,8","2,6",02
1095,2019-11-30,8416,VALÈNCIA,VALENCIA,11,"17,6","0,0","12,0","23,3","8,7",02
1096,2019-12-01,8416,VALÈNCIA,VALENCIA,11,"16,1","0,0","11,8","20,4",,02
1097,2019-12-02,8416,VALÈNCIA,VALENCIA,11,"13,4","23,1","12,5","14,4",,02
1098,2019-12-03,8416,VALÈNCIA,VALENCIA,11,"11,7","19,4","10,7","12,7",,02
1099,2019-12-04,8416,VALÈNCIA,VALENCIA,11,"12,6","29,3","10,5","14,7",,02
1100,2019-12-05,8416,VALÈNCIA,VALENCIA,11,"12,8","15,2","11,0","14,5",,02
1101,2019-12-06,8416,VALÈNCIA,VALENCIA,11,"13,4","0,0","11,7","15,1",,02
1102,2019-12-07,8416,VALÈNCIA,VALENCIA,11,"13,4","0,0","8,5","18,4",,02
1103,2019-12-08,8416,VALÈNCIA,VALENCIA,11,"13,1",,"8,1","18,1",,02
